Description,Price (Rs.),Rating,Review,URL
"Whirlpool 340 L 3 Star Inverter Frost-Free Double Door Refrigerator (INTELLIFRESH INV CNV 355 3S, German Steel, Convertible)","32,990",3.9 out of 5 stars,221,https://www.amazon.in/gp/slredirect/picassoRedirect.html/ref=pa_sp_atf_aps_sr_pg1_1?ie=UTF8&adId=A01730562IQPLSHOR6VHY&url=%2FWhirlpool-Refrigerator-INV-CNV-355%2Fdp%2FB083JNJZ9Y%2Fref%3Dsr_1_1_sspa%3Fdchild%3D1%26keywords%3Drefrigerator%26qid%3D1613575466%26sr%3D8-1-spons%26psc%3D1&qualifier=1613575465&id=6798005266573332&widgetName=sp_atf
"Haier 195 L 4 Star Direct Cool Single Door Refrigerator (HRD-1954PMG-F, Mirror Glass, Base drawer)","17,090",4.1 out of 5 stars,157,https://www.amazon.in/gp/slredirect/picassoRedirect.html/ref=pa_sp_atf_aps_sr_pg1_1?ie=UTF8&adId=A041847986E5MHGLBPL0&url=%2FHaier-Direct-Single-Refrigerator-HRD-1955PMG%2Fdp%2FB07Q75G16Y%2Fref%3Dsr_1_2_sspa%3Fdchild%3D1%26keywords%3Drefrigerator%26qid%3D1613575466%26sr%3D8-2-spons%26psc%3D1&qualifier=1613575465&id=6798005266573332&widgetName=sp_atf
"Godrej 190 L 2 Star Direct-Cool Single Door Refrigerator (RD 1902 EW 23 STL WN, Steel Wine)","11,990",4.1 out of 5 stars,99,https://www.amazon.in/Godrej-Direct-Cool-Refrigerator-1902-STL/dp/B086191HJP/ref=sr_1_3?dchild=1&keywords=refrigerator&qid=1613575466&sr=8-3
"Samsung 192 L 2 Star Direct Cool Single Door Refrigerator (RR19T241BSE/NL, Elective Silver)","11,990",4.2 out of 5 stars,426,https://www.amazon.in/Samsung-Refrigerator-RR19T241BSE-NL-Elective/dp/B083463ZP4/ref=sr_1_4?dchild=1&keywords=refrigerator&qid=1613575466&sr=8-4
"Whirlpool 200 L 4 Star Inverter Direct-Cool Single Door Refrigerator (215 ICEMAGIC PRO ROY 4S INV, Sapphire Mulia, Base Stand)","17,240",4.1 out of 5 stars,136,https://www.amazon.in/Whirlpool-Refrigerator-215-ROY-INV/dp/B08CS3FKFY/ref=sr_1_5?dchild=1&keywords=refrigerator&qid=1613575466&sr=8-5
"Whirlpool 190 L 3 Star Direct-Cool Single Door Refrigerator (WDE 205 CLS 3S, Blue)","11,990",4.1 out of 5 stars,"3,251",https://www.amazon.in/Whirlpool-Refrigerator-WDE-205-CLS/dp/B083KVZQ7Z/ref=sr_1_6?dchild=1&keywords=refrigerator&qid=1613575466&sr=8-6
"Haier 195 L 4 Star Direct-Cool Single-Door Refrigerator (HED- 20CFDS, Dazzle Steel)","13,799",4.1 out of 5 stars,"1,128",https://www.amazon.in/Haier-Direct-Cool-Single-Door-Refrigerator-20CFDS/dp/B084496YFG/ref=sr_1_7?dchild=1&keywords=refrigerator&qid=1613575466&sr=8-7
"Godrej 190 L 5 Star Inverter Direct-Cool Single Door Refrigerator with Base Drawer (RD 1905 PTDI 53 JW BL, Jewel Blue)","16,790",4.2 out of 5 stars,365,https://www.amazon.in/Godrej-Direct-Cool-Refrigerator-1905-PTDI/dp/B089ZDNWW8/ref=sr_1_8?dchild=1&keywords=refrigerator&qid=1613575466&sr=8-8
"Haier 181 L 2 Star Direct-Cool Single Door Refrigerator (HED-1812BKS-E, Black Brushline)","10,490",4.0 out of 5 stars,419,https://www.amazon.in/Haier-Direct-Cool-Refrigerator-HED-1812BKS-Brushline/dp/B08448V646/ref=sr_1_9?dchild=1&keywords=refrigerator&qid=1613575466&sr=8-9
"Samsung 198 L 5 Star Inverter Direct Cool Single Door Refrigerator(RR21T2H2WCU/HL, Camellia Blue, Base Stand with Drawer)","17,790",4.3 out of 5 stars,600,https://www.amazon.in/Samsung-Inverter-Refrigerator-RR21T2H2WCU-HL/dp/B08345J6G3/ref=sr_1_10?dchild=1&keywords=refrigerator&qid=1613575466&sr=8-10
"Haier 195 L 4 Star Direct-Cool Single Door Refrigerator (HRD-1954CSG-E, Black Spiral Glass)","15,390",4.1 out of 5 stars,72,https://www.amazon.in/gp/slredirect/picassoRedirect.html/ref=pa_sp_mtf_aps_sr_pg1_1?ie=UTF8&adId=A041819924G4I4A6SSZE3&url=%2FHaier-Direct-Cool-Single-Refrigerator-HRD-1954CSG%2Fdp%2FB084HZX8XB%2Fref%3Dsr_1_11_sspa%3Fdchild%3D1%26keywords%3Drefrigerator%26qid%3D1613575466%26sr%3D8-11-spons%26psc%3D1&qualifier=1613575465&id=6798005266573332&widgetName=sp_mtf
"Haier 195 L 3 Star Direct-Cool Single Door Refrigerator (HRD-1953CRS-E, Red Serenity)","12,385",3.9 out of 5 stars,34,https://www.amazon.in/gp/slredirect/picassoRedirect.html/ref=pa_sp_mtf_aps_sr_pg1_1?ie=UTF8&adId=A07455541S8R7D1231ZMY&url=%2FHaier-Direct-Cool-Refrigerator-HRD-1953CRS-Serenity%2Fdp%2FB084497PXQ%2Fref%3Dsr_1_12_sspa%3Fdchild%3D1%26keywords%3Drefrigerator%26qid%3D1613575466%26sr%3D8-12-spons%26psc%3D1&qualifier=1613575465&id=6798005266573332&widgetName=sp_mtf
"LG 260 L 3 Star Frost Free Double Door Refrigerator (GL-I292RPZL, Shiny Steel, Smart Inverter Compressor)","23,790",4.3 out of 5 stars,"2,452",https://www.amazon.in/LG-Refrigerator-GL-I292RPZL-APZZEBN-Inverter-Compressor/dp/B01DM8HR1Q/ref=sr_1_13?dchild=1&keywords=refrigerator&qid=1613575466&sr=8-13
"Whirlpool 190 L 3 Star Direct-Cool Single Door Refrigerator (WDE 205 CLS PLUS 3S SAPPHIRE TWINKLE, Sapphire Twinkle)","12,490",4.1 out of 5 stars,73,https://www.amazon.in/Whirlpool-WDE-PLUS-SAPPHIRE-TWINKLE/dp/B08DYNRWRD/ref=sr_1_14?dchild=1&keywords=refrigerator&qid=1613575466&sr=8-14
"Whirlpool 190 L 4 Star Inverter Direct-Cool Single Door Refrigerator (WDE 205 ROY 4S INV, Sapphire Radiance, Inverter Compressor) with Base-Drawer","15,490",4.2 out of 5 stars,567,https://www.amazon.in/Whirlpool-WDE-205-ROY-INV/dp/B083KQFY62/ref=sr_1_15?dchild=1&keywords=refrigerator&qid=1613575466&sr=8-15
"Haier 190 L 2 Star Direct-Cool Single Door Refrigerator (HED-19TMS, Moon Silver)","10,890",4.0 out of 5 stars,114,https://www.amazon.in/Haier-Direct-Cool-Single-Refrigerator-HED-19TMS/dp/B08448SX5Z/ref=sr_1_16?dchild=1&keywords=refrigerator&qid=1613575466&sr=8-16
"Haier 190 L 2 Star Direct-Cool Single Door Refrigerator (HED-19TBR, Burgundy Red)","11,399",4.1 out of 5 stars,421,https://www.amazon.in/Haier-Direct-Cool-Refrigerator-HED-19TBR-Burgundy/dp/B08448TTJH/ref=sr_1_17?dchild=1&keywords=refrigerator&qid=1613575466&sr=8-17
"Whirlpool 190 L 4 Star Inverter Direct-Cool Single Door Refrigerator (WDE 205 PRM 4S INV, Sapphire Radiance, Inverter Compressor)","14,490",4.2 out of 5 stars,245,https://www.amazon.in/Whirlpool-WDE-205-PRM-INV/dp/B083KQFY5R/ref=sr_1_18?dchild=1&keywords=refrigerator&qid=1613575466&sr=8-18
"Hisense 44 L 1 Star Direct-Cool Single Door Minibar Refrigerator with reversible door (RR60D4ASB1, Silver)","6,890",4.1 out of 5 stars,17,https://www.amazon.in/Hisense-Direct-Cool-Refrigerator-reversible-RR60D4ASB1/dp/B088X2FSPV/ref=sr_1_19?dchild=1&keywords=refrigerator&qid=1613575466&sr=8-19
"Whirlpool 190 L 3 Star Direct-Cool Single Door Refrigerator (WDE 205 CLS 3S, Grey)","11,990",4.1 out of 5 stars,"1,810",https://www.amazon.in/Whirlpool-Refrigerator-WDE-205-CLS/dp/B0842QYCRZ/ref=sr_1_20?dchild=1&keywords=refrigerator&qid=1613575466&sr=8-20
"Haier 190 L 2 Star Direct-Cool Single Door Refrigerator (HED-19TMS, Moon Silver)","10,890",4.0 out of 5 stars,114,https://www.amazon.in/gp/slredirect/picassoRedirect.html/ref=pa_sp_btf_aps_sr_pg1_1?ie=UTF8&adId=A024988919H8YRDY2S5F2&url=%2FHaier-Direct-Cool-Single-Refrigerator-HED-19TMS%2Fdp%2FB08448SX5Z%2Fref%3Dsr_1_21_sspa%3Fdchild%3D1%26keywords%3Drefrigerator%26qid%3D1613575466%26sr%3D8-21-spons%26psc%3D1&qualifier=1613575465&id=6798005266573332&widgetName=sp_btf
"Samsung 314 L 2 Star Inverter Frost-Free Double Door Refrigerator (RT34T46326W/HL, Mystic Overlay White, Convertible)","33,490",2.8 out of 5 stars,3,https://www.amazon.in/gp/slredirect/picassoRedirect.html/ref=pa_sp_btf_aps_sr_pg1_1?ie=UTF8&adId=A015739823LSUNL0YXCZ0&url=%2FSamsung-Frost-Free-Refrigerator-RT34T46326W-Convertible%2Fdp%2FB0846CTVMN%2Fref%3Dsr_1_22_sspa%3Fdchild%3D1%26keywords%3Drefrigerator%26qid%3D1613575466%26sr%3D8-22-spons%26psc%3D1&qualifier=1613575465&id=6798005266573332&widgetName=sp_btf
AmazonBasics 564 L Frost Free Side-by-Side Refrigerator with Water Dispenser (Black Glass Door),"44,175",4.0 out of 5 stars,679,https://www.amazon.in/gp/slredirect/picassoRedirect.html/ref=pa_sp_atf_next_aps_sr_pg2_1?ie=UTF8&adId=A064387226MPBI3BTS6FC&url=%2FAmazonBasics-Frost-Side-Refrigerator-Dispenser%2Fdp%2FB07R9NJCVZ%2Fref%3Dsr_1_17_sspa%3Fdchild%3D1%26keywords%3Drefrigerator%26qid%3D1613575469%26smid%3DAT95IG9ONZD7S%26sr%3D8-17-spons%26psc%3D1&qualifier=1613575469&id=2311718605245535&widgetName=sp_atf_next
"Whirlpool 300 L Frost Free Multi-Door Refrigerator(FP 313D Protton Roy, Alpha Steel)","30,490",3.9 out of 5 stars,496,https://www.amazon.in/gp/slredirect/picassoRedirect.html/ref=pa_sp_atf_next_aps_sr_pg2_1?ie=UTF8&adId=A017355633W7H4A85B5K2&url=%2FWhirlpool-Refrigerator-313D-Protton-Roy%2Fdp%2FB078YJ5SW8%2Fref%3Dsr_1_18_sspa%3Fdchild%3D1%26keywords%3Drefrigerator%26qid%3D1613575469%26sr%3D8-18-spons%26psc%3D1&qualifier=1613575469&id=2311718605245535&widgetName=sp_atf_next
"Croma 90 L 1 Star Direct Cool Single Door Refrigerator (CRAR0219, White)","9,490",3.6 out of 5 stars,28,https://www.amazon.in/Croma-Single-Refrigerator-CRAR0219-White/dp/B07N85123C/ref=sr_1_19?dchild=1&keywords=refrigerator&qid=1613575469&sr=8-19
"Whirlpool 215 L 5 Star Inverter Direct-Cool Single Door Refrigerator (230 IMPRO ROY 5S INV SAPPHIRE ABYSS, Sapphire Abyss)","19,240",4.1 out of 5 stars,82,https://www.amazon.in/Whirlpool-230-IMPRO-SAPPHIRE-ABYSS/dp/B086H3NR1F/ref=sr_1_20?dchild=1&keywords=refrigerator&qid=1613575469&sr=8-20
"Haier 170 L 2 Star Direct-Cool Single Door Refrigerator (HED-17TMS, Moon Silver)","10,190",4.1 out of 5 stars,"1,111",https://www.amazon.in/Haier-Direct-Cool-Single-Refrigerator-HED-17TMS/dp/B084491T59/ref=sr_1_21?dchild=1&keywords=refrigerator&qid=1613575469&sr=8-21
"Samsung 275L 3 Star Inverter Frost Free Double Door Refrigerator (RT30T3743S9/HL, Refined Inox, Convertible)","26,990",4.2 out of 5 stars,210,https://www.amazon.in/Samsung-Refrigerator-RT30T3743S9-HL-Convertible/dp/B0834624G1/ref=sr_1_22?dchild=1&keywords=refrigerator&qid=1613575469&sr=8-22
"Godrej 190 L 5 Star Inverter Direct-Cool Single Door Refrigerator (RD 1905 PTI 53 SI ST, Sleek Steel)","15,790",4.0 out of 5 stars,198,https://www.amazon.in/Godrej-Direct-Cool-Refrigerator-1905-PTI/dp/B0897ZLHNW/ref=sr_1_23?dchild=1&keywords=refrigerator&qid=1613575469&sr=8-23
"Whirlpool 215 L 5 Star Inverter Direct-Cool Single Door Refrigerator (230 IMPRO PRM 5S INV, Sapphire Abyss)","18,240",4.4 out of 5 stars,12,https://www.amazon.in/Whirlpool-230-IMPRO-PRM-INV/dp/B086H1P31K/ref=sr_1_24?dchild=1&keywords=refrigerator&qid=1613575469&sr=8-24
"LG 215 L 4 Star Inverter Direct Cool Single Door Refrigerator (GL-B221APZY, Shiny Steel)","15,990",4.2 out of 5 stars,144,https://www.amazon.in/LG-Refrigerator-GL-B221APZY-DPZZEBN-Inverter-Compressor/dp/B079QY27NK/ref=sr_1_25?dchild=1&keywords=refrigerator&qid=1613575469&sr=8-25
"Whirlpool 190 L 3 Star Direct-Cool Single Door Refrigerator (WDE 205 CLS 3S, Wine)","11,990",4.1 out of 5 stars,729,https://www.amazon.in/Whirlpool-Refrigerator-WDE-205-CLS/dp/B083KSSS1H/ref=sr_1_26?dchild=1&keywords=refrigerator&qid=1613575469&sr=8-26
"Samsung 244L 3 Star Inverter Frost Free Double Door Refrigerator (RT28T3523S8/HL, Elegant Inox, Curd Maestro)","25,990",4.2 out of 5 stars,"2,139",https://www.amazon.in/gp/slredirect/picassoRedirect.html/ref=pa_sp_mtf_aps_sr_pg2_1?ie=UTF8&adId=A01580783E0FHOJVDFJNL&url=%2FSamsung-Inverter-Refrigerator-RT28T3523S8-HL%2Fdp%2FB08345R1ZN%2Fref%3Dsr_1_27_sspa%3Fdchild%3D1%26keywords%3Drefrigerator%26qid%3D1613575469%26sr%3D8-27-spons%26psc%3D1&qualifier=1613575469&id=2311718605245535&widgetName=sp_mtf
"Whirlpool 265 L 3 Star Inverter Frost-Free Double Door Refrigerator (INTELLIFRESH INV CNV 278 3S, German Steel, Convertible)","25,490",4.1 out of 5 stars,841,https://www.amazon.in/gp/slredirect/picassoRedirect.html/ref=pa_sp_mtf_aps_sr_pg2_1?ie=UTF8&adId=A01734003EGQVJVEJ7WOW&url=%2FWhirlpool-Refrigerator-INV-CNV-278%2Fdp%2FB083JN87RJ%2Fref%3Dsr_1_28_sspa%3Fdchild%3D1%26keywords%3Drefrigerator%26qid%3D1613575469%26sr%3D8-28-spons%26psc%3D1&qualifier=1613575469&id=2311718605245535&widgetName=sp_mtf
"Samsung 212 L 3 Star Inverter Direct Cool Single Door Refrigerator(RR22T272YS8/NL, Elegant Inox)","15,590",3.9 out of 5 stars,291,https://www.amazon.in/Samsung-Inverter-Refrigerator-RR22T272YS8-NL/dp/B08346GJTN/ref=sr_1_29?dchild=1&keywords=refrigerator&qid=1613575469&sr=8-29
"Godrej 190 L 3 Star Inverter Direct-Cool Single Door Refrigerator (RD 1903 PTI 33 DR BL, Royal Drenim, Inverter Compressor)","13,490",3.8 out of 5 stars,191,https://www.amazon.in/Godrej-Direct-Cool-Refrigerator-1903-PTI/dp/B083SRCK9N/ref=sr_1_30?dchild=1&keywords=refrigerator&qid=1613575469&sr=8-30
"Godrej 260 L 3 Star Inverter Frost-Free Double Door Refrigerator (RF EON 260C 35 RCIF ST RH, Steel Rush, 6 in 1 Convertible)","23,790",3.9 out of 5 stars,165,https://www.amazon.in/Godrej-Refrigerator-EON-260C-RCIF/dp/B08CS43KGC/ref=sr_1_31?dchild=1&keywords=refrigerator&qid=1613575469&sr=8-31
"Whirlpool 200 L 3 Star Direct-Cool Single Door Refrigerator (215 IMPRO ROY 3S PURPLE MULIA, Purple Mulia)","15,240",4.0 out of 5 stars,38,https://www.amazon.in/Whirlpool-215-IMPRO-PURPLE-MULIA/dp/B0851VBJR5/ref=sr_1_32?dchild=1&keywords=refrigerator&qid=1613575469&sr=8-32
"Samsung 192 L 4 Star Inverter Direct Cool Single Door Refrigerator(RR20T182XR8/HL, Blooming Saffron Red, Base Stand with Drawer)","15,990",4.2 out of 5 stars,394,https://www.amazon.in/Samsung-Inverter-Refrigerator-RR20T182XR8-HL/dp/B08345SMSM/ref=sr_1_33?dchild=1&keywords=refrigerator&qid=1613575469&sr=8-33
"Whirlpool 240 L Frost Free Multi-Door Refrigerator(FP 263D Protton Roy, Alpha Steel)","24,480",4.1 out of 5 stars,631,https://www.amazon.in/Whirlpool-Refrigerator-263D-Protton-Roy/dp/B078YHT1FR/ref=sr_1_34?dchild=1&keywords=refrigerator&qid=1613575469&sr=8-34
"Bosch 327 L 3 Star Inverter Frost-Free Double Door Refrigerator (KDN42UL30I, Mettalic)","32,490",3.2 out of 5 stars,28,https://www.amazon.in/Bosch-Inverter-Frost-Free-Refrigerator-KDN42UL30I/dp/B08D1DCQV8/ref=sr_1_35?dchild=1&keywords=refrigerator&qid=1613575469&sr=8-35
"Whirlpool 265 L 3 Star Inverter Frost-Free Double Door Refrigerator (INTELLIFRESH INV CNV 278 3S, Black Sparkle, Convertible)","24,990",4.0 out of 5 stars,409,https://www.amazon.in/Whirlpool-Refrigerator-INV-CNV-278/dp/B083JNGPHH/ref=sr_1_36?dchild=1&keywords=refrigerator&qid=1613575469&sr=8-36
"Haier 181 L 2 Star Direct-Cool Single Door Refrigerator (HED-1812BKS-E, Black Brushline)","10,490",4.0 out of 5 stars,419,https://www.amazon.in/gp/slredirect/picassoRedirect.html/ref=pa_sp_btf_aps_sr_pg2_1?ie=UTF8&adId=A074607832BDAFUS9YXEP&url=%2FHaier-Direct-Cool-Refrigerator-HED-1812BKS-Brushline%2Fdp%2FB08448V646%2Fref%3Dsr_1_37_sspa%3Fdchild%3D1%26keywords%3Drefrigerator%26qid%3D1613575469%26sr%3D8-37-spons%26psc%3D1&qualifier=1613575469&id=2311718605245535&widgetName=sp_btf
"Haier 195 L 4 Star Direct-Cool Single-Door Refrigerator (HED- 20CFDS, Dazzle Steel)","13,799",4.1 out of 5 stars,"1,128",https://www.amazon.in/gp/slredirect/picassoRedirect.html/ref=pa_sp_btf_aps_sr_pg2_1?ie=UTF8&adId=A07985972RZG530W4K34&url=%2FHaier-Direct-Cool-Single-Door-Refrigerator-20CFDS%2Fdp%2FB084496YFG%2Fref%3Dsr_1_38_sspa%3Fdchild%3D1%26keywords%3Drefrigerator%26qid%3D1613575469%26sr%3D8-38-spons%26psc%3D1&qualifier=1613575469&id=2311718605245535&widgetName=sp_btf
"Panasonic 307 L 3 Star 6-Stage Inverter Frost-Free Double Door Refrigerator (NR-MBG31VSS3, Shining Silver, Jumbo Vegetable Basket)","28,490",4.5 out of 5 stars,36,https://www.amazon.in/gp/slredirect/picassoRedirect.html/ref=pa_sp_atf_next_aps_sr_pg3_1?ie=UTF8&adId=A0426902ZHYEFVGNXJHX&url=%2FPanasonic-Frost-Free-Refrigerator-NR-MBG31VSS3-Vegetable%2Fdp%2FB089MF7NR8%2Fref%3Dsr_1_33_sspa%3Fdchild%3D1%26keywords%3Drefrigerator%26qid%3D1613575472%26sr%3D8-33-spons%26psc%3D1&qualifier=1613575472&id=72985800975999&widgetName=sp_atf_next
"Samsung 314 L 2 Star Inverter Frost-Free Double Door Refrigerator (RT34T46324R/HL, Rythmic Twirl Red, Convertible)","35,300",3.9 out of 5 stars,16,https://www.amazon.in/gp/slredirect/picassoRedirect.html/ref=pa_sp_atf_next_aps_sr_pg3_1?ie=UTF8&adId=A01575541RBREXORMXGPM&url=%2FSamsung-Frost-Free-Refrigerator-RT34T46324R-Convertible%2Fdp%2FB0846CYS59%2Fref%3Dsr_1_34_sspa%3Fdchild%3D1%26keywords%3Drefrigerator%26qid%3D1613575472%26sr%3D8-34-spons%26psc%3D1&qualifier=1613575472&id=72985800975999&widgetName=sp_atf_next
"LG 190 L 4 Star Inverter Direct-Cool Single Door Refrigerator (GL-D201ASCY, Scarlet Charm)","14,990",4.4 out of 5 stars,339,https://www.amazon.in/LG-Inverter-Direct-Cool-Refrigerator-GL-D201ASCY/dp/B084YC1FHT/ref=sr_1_36?dchild=1&keywords=refrigerator&qid=1613575472&sr=8-36
"Samsung 220 L 4 Star Inverter Direct Cool Single Door Refrigerator(RR23A2J3XBZ/HL, Midnight Blossom Black, Digi-Touch Cool, Curd Maestro)","20,690",,,https://www.amazon.in/Samsung-Refrigerator-RR23A2J3XBZ-HL-Digi-Touch/dp/B08SM5YQK2/ref=sr_1_37?dchild=1&keywords=refrigerator&qid=1613575472&sr=8-37
"Godrej 190 L 4 Star Inverter Direct-Cool Single Door Refrigerator (RD 1904 PTDI 43 GL BL, Glass Blue)","14,190",3.9 out of 5 stars,66,https://www.amazon.in/Godrej-Direct-Cool-Refrigerator-1904-PTDI/dp/B08618XBZC/ref=sr_1_38?dchild=1&keywords=refrigerator&qid=1613575472&sr=8-38
"Samsung 192 L 4 Star Inverter Direct Cool Single Door Refrigerator(RR20T1Y2XR8/HL, Blooming Saffron Red)","15,290",4.2 out of 5 stars,340,https://www.amazon.in/Samsung-Inverter-Refrigerator-RR20T1Y2XR8-HL/dp/B08346FYDH/ref=sr_1_39?dchild=1&keywords=refrigerator&qid=1613575472&sr=8-39
"Whirlpool 215 L 5 Star Inverter Direct-Cool Single Door Refrigerator (230 IMPRO PRM 5S INV ALPHA STEEL, Alpha Steel)","17,740",3.1 out of 5 stars,21,https://www.amazon.in/Whirlpool-230-IMPRO-ALPHA-STEEL/dp/B087MDWQMX/ref=sr_1_40?dchild=1&keywords=refrigerator&qid=1613575472&sr=8-40
"LG 190 L 4 Star Inverter Direct Cool Single Door Refrigerator (GL-D201APZY, Shiny Steel)","15,190",4.4 out of 5 stars,143,https://www.amazon.in/LG-Refrigerator-GL-D201APZY-Inverter-Compressor/dp/B079QNTQ84/ref=sr_1_41?dchild=1&keywords=refrigerator&qid=1613575472&sr=8-41
"Samsung 253L 3 Star Inverter Frost Free Double Door Refrigerator (RT28T3483S8/HL, Elegant Inox)","23,490",4.2 out of 5 stars,"2,139",https://www.amazon.in/Samsung-Inverter-Refrigerator-RT28T3483S8-HL/dp/B083461G9M/ref=sr_1_42?dchild=1&keywords=refrigerator&qid=1613575472&sr=8-42
AmazonBasics 564 L Frost Free Side-by-Side Refrigerator with Water Dispenser (Silver Steel Finish),"45,499",4.0 out of 5 stars,679,https://www.amazon.in/gp/slredirect/picassoRedirect.html/ref=pa_sp_mtf_aps_sr_pg3_1?ie=UTF8&adId=A07759581GU237VRQ8DZQ&url=%2FAmazonBasics-Refrigerator-Dispenser-Silver-Finish%2Fdp%2FB07R9NJFYF%2Fref%3Dsr_1_43_sspa%3Fdchild%3D1%26keywords%3Drefrigerator%26qid%3D1613575472%26sr%3D8-43-spons%26psc%3D1&qualifier=1613575472&id=72985800975999&widgetName=sp_mtf
"Haier 170 L 2 Star Direct-Cool Single Door Refrigerator (HED-17TMS, Moon Silver)","10,190",4.1 out of 5 stars,"1,111",https://www.amazon.in/gp/slredirect/picassoRedirect.html/ref=pa_sp_mtf_aps_sr_pg3_1?ie=UTF8&adId=A07458342KNS2JSVKC3EC&url=%2FHaier-Direct-Cool-Single-Refrigerator-HED-17TMS%2Fdp%2FB084491T59%2Fref%3Dsr_1_44_sspa%3Fdchild%3D1%26keywords%3Drefrigerator%26qid%3D1613575472%26sr%3D8-44-spons%26psc%3D1&qualifier=1613575472&id=72985800975999&widgetName=sp_mtf
"Haier 53 L 2 Star Direct-Cool Single Door Desktop Fridge (HR-65KS, Black)","8,603",3.9 out of 5 stars,"1,741",https://www.amazon.in/Haier-Direct-Cool-Single-Desktop-HR-65KS/dp/B08LF1Z4S2/ref=sr_1_45?dchild=1&keywords=refrigerator&qid=1613575472&sr=8-45
"Godrej 236 L 2 Star Inverter Frost-Free Double Door Refrigerator (RF EON 236B 25 HI SC DR, Scarlet Dremin)","19,290",4.1 out of 5 stars,390,https://www.amazon.in/Godrej-Frost-Free-Refrigerator-EON-236B/dp/B083SQK6GH/ref=sr_1_46?dchild=1&keywords=refrigerator&qid=1613575472&sr=8-46
"Croma 50 L Direct Cool Single Door Refrigerator (CRAR0218, Silver)","7,990",3.7 out of 5 stars,38,https://www.amazon.in/Croma-50ltr-DC-REF-CRAR0218/dp/B07N84PLQC/ref=sr_1_47?dchild=1&keywords=refrigerator&qid=1613575472&sr=8-47
Godrej 30 L Qube Personal Cooling Solution,"6,790",3.6 out of 5 stars,271,https://www.amazon.in/Godrej-Qube-Personal-Cooling-Solution/dp/B07R3WXXH5/ref=sr_1_48?dchild=1&keywords=refrigerator&qid=1613575472&sr=8-48
"Whirlpool 215 L 5 Star Inverter Direct-Cool Single Door Refrigerator (230 ICEMAGIC PRO ROY 5S INV, Sapphire Flume, Base Stand)","19,240",4.1 out of 5 stars,109,https://www.amazon.in/Whirlpool-Refrigerator-230-ROY-INV/dp/B08CRZ9D1G/ref=sr_1_49?dchild=1&keywords=refrigerator&qid=1613575472&sr=8-49
"LG 190 L 4 Star Inverter Direct-Cool Single Door Refrigerator (GL-D201ABGY, Blue Glow)","16,399",4.2 out of 5 stars,62,https://www.amazon.in/LG-Inverter-Direct-Cool-Refrigerator-GL-D201ABGY/dp/B07WL3XKTL/ref=sr_1_50?dchild=1&keywords=refrigerator&qid=1613575472&sr=8-50
"Haier 258 L 3 Star Inverter Frost-Free Double Door Refrigerator (HEF-25TDS, Dazzle Steel, Convertible)","21,990",4.2 out of 5 stars,539,https://www.amazon.in/Haier-Frost-Free-Refrigerator-HEF-25TDS-Convertible/dp/B08448TTJM/ref=sr_1_51?dchild=1&keywords=refrigerator&qid=1613575472&sr=8-51
"Whirlpool 265 L 2 Star Frost-Free Double Door Refrigerator (NEOFRESH DF 278 PRM 2S, German Steel)","21,990",4.1 out of 5 stars,367,https://www.amazon.in/Whirlpool-Frost-Free-Refrigerator-NEOFRESH-PRM/dp/B083JNJRS5/ref=sr_1_52?dchild=1&keywords=refrigerator&qid=1613575472&sr=8-52
"Haier 190 L 2 Star Direct-Cool Single Door Refrigerator (HED-19TBR, Burgundy Red)","11,399",4.1 out of 5 stars,421,https://www.amazon.in/gp/slredirect/picassoRedirect.html/ref=pa_sp_btf_aps_sr_pg3_1?ie=UTF8&adId=A0250077FHOKXIEEV254&url=%2FHaier-Direct-Cool-Refrigerator-HED-19TBR-Burgundy%2Fdp%2FB08448TTJH%2Fref%3Dsr_1_53_sspa%3Fdchild%3D1%26keywords%3Drefrigerator%26qid%3D1613575472%26sr%3D8-53-spons%26psc%3D1&qualifier=1613575472&id=72985800975999&widgetName=sp_btf
"Whirlpool 265 L 2 Star Frost-Free Double Door Refrigerator (NEOFRESH 278LH PRM 2S, German Steel)","21,490",3.9 out of 5 stars,9,https://www.amazon.in/gp/slredirect/picassoRedirect.html/ref=pa_sp_btf_aps_sr_pg3_1?ie=UTF8&adId=A01730003TTR2IXG6PNGT&url=%2FWhirlpool-Frost-Free-Refrigerator-278LH-PRM%2Fdp%2FB08CSCZL2J%2Fref%3Dsr_1_54_sspa%3Fdchild%3D1%26keywords%3Drefrigerator%26qid%3D1613575472%26sr%3D8-54-spons%26psc%3D1&qualifier=1613575472&id=72985800975999&widgetName=sp_btf
"Whirlpool 292 L 3 Star Inverter Frost-Free Double Door Refrigerator (INTELLIFRESH INV CNV 305 3S, German Steel, Convertible)","27,990",4.1 out of 5 stars,538,https://www.amazon.in/gp/slredirect/picassoRedirect.html/ref=pa_sp_atf_next_aps_sr_pg4_1?ie=UTF8&adId=A0902393WBI5OQWW1SSB&url=%2FWhirlpool-Refrigerator-INV-CNV-305%2Fdp%2FB083JPCL8Z%2Fref%3Dsr_1_49_sspa%3Fdchild%3D1%26keywords%3Drefrigerator%26qid%3D1613575475%26sr%3D8-49-spons%26psc%3D1&qualifier=1613575475&id=8109834067073296&widgetName=sp_atf_next
"Samsung 336 L 2 Star Inverter Frost-Free Double Door Refrigerator (RT37T4632DX/HL, Luxe Brown, Convertible)","43,900",3.2 out of 5 stars,7,https://www.amazon.in/gp/slredirect/picassoRedirect.html/ref=pa_sp_atf_next_aps_sr_pg4_1?ie=UTF8&adId=A0157154218W87EWBBIZ3&url=%2FSamsung-Frost-Free-Refrigerator-RT37T4632DX-Convertible%2Fdp%2FB0846D15KF%2Fref%3Dsr_1_50_sspa%3Fdchild%3D1%26keywords%3Drefrigerator%26qid%3D1613575475%26sr%3D8-50-spons%26psc%3D1&qualifier=1613575475&id=8109834067073296&widgetName=sp_atf_next
"LG 235 L 4 Star Inverter Direct-Cool Single Door Refrigerator (GL-D241AESY, Ebony Sheen)","20,190",3.6 out of 5 stars,6,https://www.amazon.in/LG-Inverter-Direct-Cool-Refrigerator-GL-D241AESY/dp/B084S8K87K/ref=sr_1_51?dchild=1&keywords=refrigerator&qid=1613575475&sr=8-51
"Haier 320 L 2 Star Inverter Frost-Free Double Door Refrigerator (HRB-3404BMS-E, Moon Silver,Bottom Freezer)","27,199",4.2 out of 5 stars,"1,266",https://www.amazon.in/Haier-Inverter-Frost-Free-Refrigerator-HRB-3404BMS/dp/B08448N4X3/ref=sr_1_52?dchild=1&keywords=refrigerator&qid=1613575475&sr=8-52
"Godrej 290 L 3 Star Inverter Frost-Free Double Door Refrigerator (RF EON 290C 35 RCIF JT ST, Jet Steel)","25,490",3.5 out of 5 stars,2,https://www.amazon.in/Godrej-Refrigerator-EON-290C-RCIF/dp/B08LFJ1ZJZ/ref=sr_1_53?dchild=1&keywords=refrigerator&qid=1613575475&sr=8-53
"Haier 190 L 2 Star Direct-Cool Single Door Refrigerator (HRD-1902CRS-E, Red Serenity)","12,240",4.0 out of 5 stars,95,https://www.amazon.in/Haier-Direct-Cool-Refrigerator-HRD-1902CRS-Serenity/dp/B084499TDY/ref=sr_1_54?dchild=1&keywords=refrigerator&qid=1613575475&sr=8-54
"Whirlpool 300 L Frost Free Multi-Door Refrigerator(FP 313D Protton Roy, Alpha Steel)","30,490",3.9 out of 5 stars,496,https://www.amazon.in/Whirlpool-Refrigerator-313D-Protton-Roy/dp/B078YJ5SW8/ref=sr_1_55?dchild=1&keywords=refrigerator&qid=1613575475&sr=8-55
"Whirlpool 190 L 4 Star Inverter Direct-Cool Single Door Refrigerator (WDE 205 ROY 4S INV, Wine Radiance, Inverter Compressor) with Base-Drawer","14,990",4.1 out of 5 stars,301,https://www.amazon.in/Whirlpool-WDE-205-ROY-INV/dp/B083KRNF9T/ref=sr_1_56?dchild=1&keywords=refrigerator&qid=1613575475&sr=8-56
"Godrej 190 L 3 Star Inverter Direct-Cool Single Door Refrigerator (RD 1903 EWHI 33 STL BL, Steel Blue, Inverter Compressor)","12,490",4.1 out of 5 stars,355,https://www.amazon.in/Godrej-Refrigerator-1903-EWHI-STL/dp/B08GQR27GT/ref=sr_1_57?dchild=1&keywords=refrigerator&qid=1613575475&sr=8-57
"Whirlpool 265 L 3 Star Inverter Frost-Free Double Door Refrigerator (INTELLIFRESH INV CNV 278 3S, German Steel, Convertible)","25,490",4.1 out of 5 stars,841,https://www.amazon.in/Whirlpool-Refrigerator-INV-CNV-278/dp/B083JN87RJ/ref=sr_1_58?dchild=1&keywords=refrigerator&qid=1613575475&sr=8-58
"Haier 220 L 3 Star Direct-Cool Single Door Refrigerator (HRD-2203PRB-E, Red Blossom)","16,790",4.0 out of 5 stars,16,https://www.amazon.in/gp/slredirect/picassoRedirect.html/ref=pa_sp_mtf_aps_sr_pg4_1?ie=UTF8&adId=A0418143120FA89D22BF8&url=%2FHaier-Direct-Cool-Refrigerator-HRD-2203PRB-Blossom%2Fdp%2FB0844968V4%2Fref%3Dsr_1_59_sspa%3Fdchild%3D1%26keywords%3Drefrigerator%26qid%3D1613575475%26sr%3D8-59-spons%26psc%3D1&qualifier=1613575475&id=8109834067073296&widgetName=sp_mtf
"Haier 220 L 3 Star Direct-Cool Single Door Refrigerator (HED-22TDS, Dazzle Steel)","14,790",4.1 out of 5 stars,290,https://www.amazon.in/gp/slredirect/picassoRedirect.html/ref=pa_sp_mtf_aps_sr_pg4_1?ie=UTF8&adId=A0745734KSGZYK3TQ4AO&url=%2FHaier-Direct-Cool-Single-Refrigerator-HED-22TDS%2Fdp%2FB08448Q4ZX%2Fref%3Dsr_1_60_sspa%3Fdchild%3D1%26keywords%3Drefrigerator%26qid%3D1613575475%26sr%3D8-60-spons%26psc%3D1&qualifier=1613575475&id=8109834067073296&widgetName=sp_mtf
"Whirlpool 190 L 2 Star Direct-Cool Single Door Refrigerator (WDE 205 CLS PLUS 2S, Wine Fiesta, Toughened Glass Shelves)","11,990",4.2 out of 5 stars,"1,867",https://www.amazon.in/Whirlpool-WDE-205-CLS-PLUS/dp/B083KSWRFX/ref=sr_1_61?dchild=1&keywords=refrigerator&qid=1613575475&sr=8-61
"Hisense 411 L 2 Star Inverter Frost-Free Double Door Refrigerator (RT488N4ASB2, Stainless steel)","31,490",4.0 out of 5 stars,13,https://www.amazon.in/Hisense-Frost-Free-Refrigerator-RT488N4ASB2-Stainless/dp/B088XJMD7T/ref=sr_1_62?dchild=1&keywords=refrigerator&qid=1613575475&sr=8-62
"Whirlpool 190 L 3 Star Direct-Cool Single Door Refrigerator (WDE 205 ROY 3S, Sapphire Fiesta) Toughened Glass Shelves with Base Drawer","13,490",4.0 out of 5 stars,87,https://www.amazon.in/Whirlpool-C20efrigerator-WDE-205-ROY/dp/B083KSC4R8/ref=sr_1_63?dchild=1&keywords=refrigerator&qid=1613575475&sr=8-63
"Whirlpool 215 L 4 Star Inverter Direct-Cool Single Door Refrigerator (230 IMPRO ROY 4S INV SAPPHIRE FLUME, Sapphire Flume)","17,990",4.0 out of 5 stars,31,https://www.amazon.in/Whirlpool-230-IMPRO-SAPPHIRE-FLUME/dp/B086H1WYN7/ref=sr_1_64?dchild=1&keywords=refrigerator&qid=1613575475&sr=8-64
"Godrej 231 L 1 Star Frost-Free Double Door Refrigerator (RF EON 245A 15 HF SI ST, Silver Strokes)","17,990",4.4 out of 5 stars,79,https://www.amazon.in/Godrej-Frost-Free-Refrigerator-EON-245A/dp/B0893358HH/ref=sr_1_65?dchild=1&keywords=refrigerator&qid=1613575475&sr=8-65
"Samsung 324 L 2 Star Inverter Frost Free Double Door Refrigerator(RT34M5538S8/HL, Elegant Inox, Convertible)","29,990",4.1 out of 5 stars,"1,336",https://www.amazon.in/Samsung-Refrigerator-RT34M5538S8-HL-Convertible/dp/B078WDXF6N/ref=sr_1_66?dchild=1&keywords=refrigerator&qid=1613575475&sr=8-66
"Whirlpool 292 L 3 Star Inverter Frost-Free Double Door Refrigerator (INTELLIFRESH INV CNV 305 3S, German Steel, Convertible)","27,990",4.1 out of 5 stars,538,https://www.amazon.in/Whirlpool-Refrigerator-INV-CNV-305/dp/B083JPCL8Z/ref=sr_1_67?dchild=1&keywords=refrigerator&qid=1613575475&sr=8-67
"Samsung 192 L 2 Star Direct Cool Single Door Refrigerator (RR19T282BR8/NL, Blooming Saffron Red, Base Stand With Drawer)","13,882",4.1 out of 5 stars,102,https://www.amazon.in/Samsung-Refrigerator-RR19T282BR8-NL-Blooming/dp/B08345Q834/ref=sr_1_68?dchild=1&keywords=refrigerator&qid=1613575475&sr=8-68
"Samsung 265 L 3 Star Inverter Frost-Free Double Door Refrigerator (RT30T3A23UT/HL, Pebble Blue, Convertible)","29,900",3.7 out of 5 stars,5,https://www.amazon.in/gp/slredirect/picassoRedirect.html/ref=pa_sp_btf_aps_sr_pg4_1?ie=UTF8&adId=A015767818N082U4NMZME&url=%2FSamsung-Frost-Free-Refrigerator-RT30T3A23UT-Convertible%2Fdp%2FB0846CVMFG%2Fref%3Dsr_1_69_sspa%3Fdchild%3D1%26keywords%3Drefrigerator%26qid%3D1613575475%26sr%3D8-69-spons%26psc%3D1&qualifier=1613575475&id=8109834067073296&widgetName=sp_btf
"Samsung 386 L 2 Star Inverter Frost-Free Double Door Refrigerator (RT39T5C38S9/TL, Refined Inox)","44,900",,,https://www.amazon.in/gp/slredirect/picassoRedirect.html/ref=pa_sp_btf_aps_sr_pg4_1?ie=UTF8&adId=A015684236ZI00I33JTKF&url=%2FSamsung-Frost-Free-Refrigerator-RT39T5C38S9-TL%2Fdp%2FB08H67JBJ2%2Fref%3Dsr_1_70_sspa%3Fdchild%3D1%26keywords%3Drefrigerator%26qid%3D1613575475%26sr%3D8-70-spons%26psc%3D1&qualifier=1613575475&id=8109834067073296&widgetName=sp_btf
"Samsung 407 L 2 Star Inverter Frost-Free Double Door Refrigerator (RT42T5C38S9/TL, Refined Inox)","49,490",,,https://www.amazon.in/gp/slredirect/picassoRedirect.html/ref=pa_sp_atf_next_aps_sr_pg5_1?ie=UTF8&adId=A015656237G74HNCLKFYI&url=%2FSamsung-Frost-Free-Refrigerator-RT42T5C38S9-TL%2Fdp%2FB08H66SDX5%2Fref%3Dsr_1_65_sspa%3Fdchild%3D1%26keywords%3Drefrigerator%26qid%3D1613575480%26sr%3D8-65-spons%26psc%3D1&qualifier=1613575480&id=8637191572368338&widgetName=sp_atf_next
"Samsung 244 L 2 Star Inverter Frost-Free Double Door Refrigerator (RT28T3522RU/HL, Luxe Purple)","25,899",4.0 out of 5 stars,7,https://www.amazon.in/gp/slredirect/picassoRedirect.html/ref=pa_sp_atf_next_aps_sr_pg5_1?ie=UTF8&adId=A015789017T97T1P0NQNK&url=%2FSamsung-Frost-Free-Refrigerator-RT28T3522RU-HL%2Fdp%2FB0846CSX5Y%2Fref%3Dsr_1_66_sspa%3Fdchild%3D1%26keywords%3Drefrigerator%26qid%3D1613575480%26sr%3D8-66-spons%26psc%3D1&qualifier=1613575480&id=8637191572368338&widgetName=sp_atf_next
"Whirlpool 200 L 3 Star Direct Cool Single Door Refrigerator (215 IMPC ROY 3S, Wine Abbys)","13,990",4.1 out of 5 stars,6,https://www.amazon.in/Whirlpool-Direct-Single-Refrigerator-Abbys/dp/B08DZM9DGY/ref=sr_1_67?dchild=1&keywords=refrigerator&qid=1613575480&sr=8-67
"Godrej 236 L 2 Star Inverter Frost-Free Double Door Refrigerator (RF EON 236B 25 HI SI ST, Stainless Steel)","18,990",3.7 out of 5 stars,232,https://www.amazon.in/Godrej-Frost-Free-Refrigerator-EON-236B/dp/B083SQFT52/ref=sr_1_68?dchild=1&keywords=refrigerator&qid=1613575480&sr=8-68
"Samsung 192 L 2 Star Direct-Cool Single Door Refrigerator (RR19T2Z2BR2/NL, Star Flower Red)","15,403",,,https://www.amazon.in/Samsung-Direct-Cool-Refrigerator-RR19T2Z2BR2-NL/dp/B0845BGWQY/ref=sr_1_69?dchild=1&keywords=refrigerator&qid=1613575480&sr=8-69
"Samsung 230 L 3 Star Inverter Direct Cool Single Door Refrigerator(RR24T285YCR/NL, Camellia Purple, Base Stand with Drawer)","17,590",4.0 out of 5 stars,147,https://www.amazon.in/Samsung-Inverter-Refrigerator-RR24T285YCR-NL/dp/B08346C9R3/ref=sr_1_70?dchild=1&keywords=refrigerator&qid=1613575480&sr=8-70
"Whirlpool 200 L 4 Star Inverter Direct-Cool Single Door Refrigerator (215 IMPRO PRM 4S INV SAPPHIRE HIBISCUS, Sapphire Hibiscus)","15,400",3.9 out of 5 stars,101,https://www.amazon.in/Whirlpool-215-IMPRO-SAPPHIRE-HIBISCUS/dp/B0851VSBF7/ref=sr_1_71?dchild=1&keywords=refrigerator&qid=1613575480&sr=8-71
"LG 190 L 4 Star Direct Cool Single Door Refrigerator(GL-B201APZY, Shiny Steel, Inverter Compressor)","14,290",4.4 out of 5 stars,127,https://www.amazon.in/LG-Refrigerator-GL-B201APZY-Inverter-Compressor/dp/B079QZ1BJR/ref=sr_1_72?dchild=1&keywords=refrigerator&qid=1613575480&sr=8-72
"Whirlpool 200 L 4 Star Inverter Direct-Cool Single Door Refrigerator (215 ICEMAGIC PWCL ROY 4S INV, Sapphire Radiance) with Base Drawer","16,740",4.1 out of 5 stars,82,https://www.amazon.in/Whirlpool-Refrigerator-215-ROY-INV/dp/B0842QQXJQ/ref=sr_1_73?dchild=1&keywords=refrigerator&qid=1613575480&sr=8-73
"Whirlpool 190 L 2 Star Direct-Cool Single Door Refrigerator (WDE 205 CLS PLUS 2S, Twilight Fiesta, Toughened Glass Shelves)","11,990",4.1 out of 5 stars,481,https://www.amazon.in/Whirlpool-WDE-205-CLS-PLUS/dp/B083KRNVZK/ref=sr_1_74?dchild=1&keywords=refrigerator&qid=1613575480&sr=8-74
"Samsung 314 L 2 Star Inverter Frost-Free Double Door Refrigerator (RT34T4632NV/HL, Wave Steel, Convertible)","34,550",2.6 out of 5 stars,2,https://www.amazon.in/gp/slredirect/picassoRedirect.html/ref=pa_sp_mtf_aps_sr_pg5_1?ie=UTF8&adId=A01572421RWZ9CJB1LR0D&url=%2FSamsung-Frost-Free-Refrigerator-RT34T4632NV-Convertible%2Fdp%2FB0846CVGRQ%2Fref%3Dsr_1_75_sspa%3Fdchild%3D1%26keywords%3Drefrigerator%26qid%3D1613575480%26sr%3D8-75-spons%26psc%3D1&qualifier=1613575480&id=8637191572368338&widgetName=sp_mtf
"Haier 195 L 4 Star Direct-Cool Single Door Refrigerator (HRD-1954CKB-E, Black Blossom)","14,490",3.8 out of 5 stars,41,https://www.amazon.in/gp/slredirect/picassoRedirect.html/ref=pa_sp_mtf_aps_sr_pg5_1?ie=UTF8&adId=A07534341G5BQALUIMQF6&url=%2FHaier-Direct-Cool-Refrigerator-HRD-1954CKB-Blossom%2Fdp%2FB084HZZZ96%2Fref%3Dsr_1_76_sspa%3Fdchild%3D1%26keywords%3Drefrigerator%26qid%3D1613575480%26sr%3D8-76-spons%26psc%3D1&qualifier=1613575480&id=8637191572368338&widgetName=sp_mtf
"Samsung 345L 3 Star Inverter Frost Free Double Door Refrigerator (RT37T4513S8/HL, Elegant Inox, Convertible)","34,000",3.8 out of 5 stars,277,https://www.amazon.in/Samsung-Refrigerator-RT37T4513S8-HL-Convertible/dp/B08345Q835/ref=sr_1_77?dchild=1&keywords=refrigerator&qid=1613575480&sr=8-77
"Samsung 253L 2 Star Inverter Frost Free Double Door Refrigerator (RT28T3032SE/HL, Elective Silver)","20,490",4.2 out of 5 stars,"1,167",https://www.amazon.in/Samsung-Inverter-Refrigerator-RT28T3032SE-HL/dp/B083461GB1/ref=sr_1_78?dchild=1&keywords=refrigerator&qid=1613575480&sr=8-78
"Whirlpool 215 L 3 Star Inverter Direct-Cool Single Door Refrigerator with Moisture Lock-In Technology (230 ICEMAGIC FRESH ROY 3S INV, Wine Azalea)","15,022",4.1 out of 5 stars,364,https://www.amazon.in/Whirlpool-Refrigerator-230-ROY-INV/dp/B083KQFY5F/ref=sr_1_79?dchild=1&keywords=refrigerator&qid=1613575480&sr=8-79
"Whirlpool 245 L 2 Star Frost-Free Double Door Refrigerator (NEOFRESH 258H ROY 2S, Wine Abyss)","20,490",4.0 out of 5 stars,215,https://www.amazon.in/Whirlpool-Frost-Free-Refrigerator-258H-ROY/dp/B083JNS1N5/ref=sr_1_80?dchild=1&keywords=refrigerator&qid=1613575480&sr=8-80
"Haier 195 L 4 Star Direct-Cool Single Door Refrigerator (HRD-1954CTS-E, Titanium Steel)","14,699",4.2 out of 5 stars,43,https://www.amazon.in/Haier-Direct-Cool-Refrigerator-HRD-1954CTS-Titanium/dp/B085J6Z8XS/ref=sr_1_81?dchild=1&keywords=refrigerator&qid=1613575480&sr=8-81
"Samsung 192 L 3 Star Inverter Direct Cool Single Door Refrigerator (RR20A182YCR/HL, Camellia Purple, Base stand drawer)","14,999",,,https://www.amazon.in/Samsung-Inverter-Refrigerator-RR20A182YCR-HL/dp/B08SW6WT1Z/ref=sr_1_82?dchild=1&keywords=refrigerator&qid=1613575480&sr=8-82
"LG 190 L 4 Star Inverter Direct-Cool Single Door Refrigerator (GL-D201ARGY, Ruby Glow, Base Stand with drawer)","16,990",4.3 out of 5 stars,827,https://www.amazon.in/LG-Inverter-Direct-Cool-Refrigerator-GL-D201ARGY/dp/B07W56VWTS/ref=sr_1_83?dchild=1&keywords=refrigerator&qid=1613575480&sr=8-83
"Godrej 181 L 2 Star Direct-Cool Single Door Refrigerator (RD AXIS 196B 23 WRF ST WN, Steel Wine)","10,990",3.9 out of 5 stars,19,https://www.amazon.in/Godrej-Refrigerator-AXIS-196B-WRF/dp/B08618YZ3W/ref=sr_1_84?dchild=1&keywords=refrigerator&qid=1613575480&sr=8-84
"Samsung 336 L 2 Star Inverter Frost-Free Double Door Refrigerator (RT37T4632SL/HL, Real Stainless, Convertible)","36,490",3.2 out of 5 stars,7,https://www.amazon.in/gp/slredirect/picassoRedirect.html/ref=pa_sp_btf_aps_sr_pg5_1?ie=UTF8&adId=A01569981YHT46IF6XHDC&url=%2FSamsung-Frost-Free-Refrigerator-RT37T4632SL-Convertible%2Fdp%2FB0846D15K5%2Fref%3Dsr_1_85_sspa%3Fdchild%3D1%26keywords%3Drefrigerator%26qid%3D1613575480%26sr%3D8-85-spons%26psc%3D1&qualifier=1613575480&id=8637191572368338&widgetName=sp_btf
"Samsung 314 L 2 Star Inverter Frost-Free Double Door Refrigerator (RT34T4632SL/HL, Real Stainless, Convertible)","39,900",3.4 out of 5 stars,2,https://www.amazon.in/gp/slredirect/picassoRedirect.html/ref=pa_sp_btf_aps_sr_pg5_1?ie=UTF8&adId=A015708611E2LJCKPSTP7&url=%2FSamsung-Frost-Free-Refrigerator-RT34T4632SL-Convertible%2Fdp%2FB0846CRNPM%2Fref%3Dsr_1_86_sspa%3Fdchild%3D1%26keywords%3Drefrigerator%26qid%3D1613575480%26sr%3D8-86-spons%26psc%3D1&qualifier=1613575480&id=8637191572368338&widgetName=sp_btf
"Hisense 185 L 2 Star Direct-Cool Single Door Refrigerator (R229D4ASB2, Silver)","11,290",4.8 out of 5 stars,7,https://www.amazon.in/Hisense-Direct-Cool-Single-Refrigerator-R229D4ASB2/dp/B088XJMD7W/ref=sr_1_81?dchild=1&keywords=refrigerator&qid=1613575484&sr=8-81
"Samsung 192 L 3 Star Direct-Cool Single Door Refrigerator (RR20R1Y2YS8/HL, Elegant Inox)","14,000",,,https://www.amazon.in/Samsung-Direct-Cool-Refrigerator-RR20R1Y2YS8-HL/dp/B0845FPTW5/ref=sr_1_82?dchild=1&keywords=refrigerator&qid=1613575484&sr=8-82
"LG 215 L 4 Star Inverter Direct Cool Single Door Refrigerator (GL-D221ARGY, Ruby Glow)","17,490",4.3 out of 5 stars,205,https://www.amazon.in/LG-Inverter-Direct-Refrigerator-GL-D221ARGY/dp/B07NDFFLJX/ref=sr_1_83?dchild=1&keywords=refrigerator&qid=1613575484&sr=8-83
"Haier 190 L 2 Star Direct-Cool Single Door Refrigerator (HRD-1902CMS-E, Marine Serenity)","12,240",4.5 out of 5 stars,20,https://www.amazon.in/Haier-Direct-Cool-Refrigerator-HRD-1902CMS-Serenity/dp/B084HZPX4D/ref=sr_1_84?dchild=1&keywords=refrigerator&qid=1613575484&sr=8-84
"(Renewe) Whirlpool 190 Linverter Direct-cool Single Door Refrigerator (Wde 205 Prm 4s Inv, 4 Star Rating, Wine Radiance)","14,878",,,https://www.amazon.in/Whirlpool-Linverter-Direct-cool-Refrigerator-205/dp/B08QW3WNHZ/ref=sr_1_85?dchild=1&keywords=refrigerator&qid=1613575484&sr=8-85
"Samsung 192 L 3 Star Inverter Direct Cool Single Door Refrigerator(RR20T1Z2YU2/HL, Star Flower Blue, Base Stand with Drawer)","14,790",4.1 out of 5 stars,48,https://www.amazon.in/Samsung-Inverter-Refrigerator-RR20T1Z2YU2-HL/dp/B08345Y84S/ref=sr_1_86?dchild=1&keywords=refrigerator&qid=1613575484&sr=8-86
"Samsung 192 L 2 Star Direct Cool Single Door Refrigerator (RR19A241BGS/NL, Gray Silver)","11,990",,,https://www.amazon.in/Samsung-Direct-Refrigerator-RR19A241BGS-NL/dp/B08SC2ZTDP/ref=sr_1_87?dchild=1&keywords=refrigerator&qid=1613575484&sr=8-87
"CROMA 2 Star 2020 Direct Cool Single Door Refrigerator (CRAR0215, Brush-line Silver, 170 L)","10,290",4.1 out of 5 stars,23,https://www.amazon.in/Direct-Single-Refrigerator-CRAR0215-Brushline/dp/B07WLXS9ML/ref=sr_1_88?dchild=1&keywords=refrigerator&qid=1613575484&sr=8-88
"Haier 190 L 2 Star Direct-Cool Single Door Refrigerator (HRD-1902CRS-E, Red Serenity)","12,240",4.0 out of 5 stars,95,https://www.amazon.in/gp/slredirect/picassoRedirect.html/ref=pa_sp_mtf_aps_sr_pg6_1?ie=UTF8&adId=A0418299XEYWNX2ZNF3U&url=%2FHaier-Direct-Cool-Refrigerator-HRD-1902CRS-Serenity%2Fdp%2FB084499TDY%2Fref%3Dsr_1_89_sspa%3Fdchild%3D1%26keywords%3Drefrigerator%26qid%3D1613575484%26sr%3D8-89-spons%26psc%3D1&qualifier=1613575484&id=4902760483636386&widgetName=sp_mtf
"Refwell Plastic Ranco Frost Fizz Auto Defroster for Single Door Refrigerator, Medium",729,4.0 out of 5 stars,20,https://www.amazon.in/Refwell-Plastic-Defroster-Single-Refrigerator/dp/B08CGN1D85/ref=sr_1_90?dchild=1&keywords=refrigerator&qid=1613575484&sr=8-90
"Whirlpool 240 L Frost-Free Multi-Door Refrigerator (FP 263D PROTTON ROY, Steel Onyx)","25,490",4.3 out of 5 stars,130,https://www.amazon.in/Whirlpool-Refrigerator-263D-PROTTON-ROY/dp/B07V3MHBFQ/ref=sr_1_91?dchild=1&keywords=refrigerator&qid=1613575484&sr=8-91
"Whirlpool 190 L 4 Star Inverter Direct-Cool Single Door Refrigerator (WDE 205 PRM 4S INV, Wine Radiance, Inverter Compressor)","13,990",4.1 out of 5 stars,123,https://www.amazon.in/Whirlpool-WDE-205-PRM-INV/dp/B083KT5776/ref=sr_1_92?dchild=1&keywords=refrigerator&qid=1613575484&sr=8-92
"LG 190 L 4 Star Inverter Direct-Cool Single Door Refrigerator (GL-B201ASCY, Scarlet Charm)","15,495",4.3 out of 5 stars,380,https://www.amazon.in/LG-Inverter-Direct-Cool-Refrigerator-GL-B201ASCY/dp/B084Y7RYPN/ref=sr_1_93?dchild=1&keywords=refrigerator&qid=1613575484&sr=8-93
"Whirlpool 240 L Frost-Free Multi-Door Refrigerator (FP 263D PROTTON ROY, German Steel)","24,990",4.1 out of 5 stars,458,https://www.amazon.in/Whirlpool-Refrigerator-263D-PROTTON-ROY/dp/B07NBZ43PH/ref=sr_1_94?dchild=1&keywords=refrigerator&qid=1613575484&sr=8-94
"Samsung 192 L 2 Star Direct Cool Single Door Refrigerator (RR20A181BR8/HL, SAFFRON RED)","13,590",2.0 out of 5 stars,1,https://www.amazon.in/Samsung-Refrigerator-RR20A181BR8-HL-SAFFRON/dp/B08SWJH8WC/ref=sr_1_95?dchild=1&keywords=refrigerator&qid=1613575484&sr=8-95
"LG 215 L 4 Star Inverter Direct Cool Single Door Refrigerator (GL-D221ABGY, Blue Glow, Base stand with drawer)","18,890",4.3 out of 5 stars,453,https://www.amazon.in/LG-Inverter-Direct-Refrigerator-GL-D221ABGY/dp/B07NDDV67F/ref=sr_1_96?dchild=1&keywords=refrigerator&qid=1613575484&sr=8-96
"Samsung 192 L 1 Star Direct Cool Single Door Refrigerator (RR19T21CARH/NL, Scarlet Red)","11,390",3.8 out of 5 stars,285,https://www.amazon.in/Samsung-Refrigerator-RR19T21CARH-NL-Scarlet/dp/B08353XSCB/ref=sr_1_97?dchild=1&keywords=refrigerator&qid=1613575484&sr=8-97
"Samsung 198 L 5 Star Inverter Direct-Cool Single Door Refrigerator (RR21T2G2WCR/HL, Camellia Purple)","16,790",4.0 out of 5 stars,1,https://www.amazon.in/Samsung-Direct-Cool-Refrigerator-RR21T2G2WCR-HL/dp/B084ZX7XS4/ref=sr_1_97?dchild=1&keywords=refrigerator&qid=1613575487&sr=8-97
"Panasonic 307 L 3 Star 6-Stage Inverter Frost-Free Double Door Refrigerator (NR-MBG31VSS3, Shining Silver, Jumbo Vegetable Basket)","28,490",4.5 out of 5 stars,36,https://www.amazon.in/Panasonic-Frost-Free-Refrigerator-NR-MBG31VSS3-Vegetable/dp/B089MF7NR8/ref=sr_1_98?dchild=1&keywords=refrigerator&qid=1613575487&sr=8-98
"Haier 220 L 3 Star Direct-Cool Single Door Refrigerator (HED-22TDS, Dazzle Steel)","14,790",4.1 out of 5 stars,290,https://www.amazon.in/Haier-Direct-Cool-Single-Refrigerator-HED-22TDS/dp/B08448Q4ZX/ref=sr_1_99?dchild=1&keywords=refrigerator&qid=1613575487&sr=8-99
"Lifelong 50 L Direct Cool Single Door Refrigerator (LLMB50, Silver)","7,290",3.9 out of 5 stars,31,https://www.amazon.in/Lifelong-Direct-Single-Refrigerator-LLMB50/dp/B0897TVV4H/ref=sr_1_100?dchild=1&keywords=refrigerator&qid=1613575487&sr=8-100
"Whirlpool 245 L 2 Star Frost-Free Double Door Refrigerator (NEOFRESH 258LH CLS PLUS 2S, German Steel)","19,990",4.1 out of 5 stars,684,https://www.amazon.in/Whirlpool-Refrigerator-258LH-CLS-PLUS/dp/B083JPFHNP/ref=sr_1_101?dchild=1&keywords=refrigerator&qid=1613575487&sr=8-101
AV Freezer Door for Godrej Edge Pro 190 L Refrigerator (Clear),660,4.2 out of 5 stars,5,https://www.amazon.in/AV-Freezer-Godrej-Refrigerator-Clear/dp/B089RPXDTR/ref=sr_1_102?dchild=1&keywords=refrigerator&qid=1613575487&sr=8-102
"Haier 195 L 4 Star Direct-Cool Single Door Refrigerator (HRD-1954PKB-E, Black Blossom)","15,590",4.2 out of 5 stars,57,https://www.amazon.in/Haier-Direct-Cool-Refrigerator-HRD-1954PKB-Blossom/dp/B084HZLDPP/ref=sr_1_103?dchild=1&keywords=refrigerator&qid=1613575487&sr=8-103
"Panasonic 584 L Inverter Frost-Free Side by Side Refrigerator (NR-BS60VKX1, Dark Grey, Stainless Steel Finish)","58,990",3.8 out of 5 stars,15,https://www.amazon.in/Panasonic-Frost-Free-Refrigerator-NR-BS60VKX1-Stainless/dp/B08HHMMRMR/ref=sr_1_104?dchild=1&keywords=refrigerator&qid=1613575487&sr=8-104
"LG 235 L 4 Star Inverter Direct Cool Single Door Refrigerator (GL-D241APGY, Purple Glow, base stand with drawer )","20,990",4.3 out of 5 stars,268,https://www.amazon.in/LG-Inverter-Direct-Refrigerator-GL-D241APGY/dp/B07NDGT31G/ref=sr_1_105?dchild=1&keywords=refrigerator&qid=1613575487&sr=8-105
"Haier 310 L 2 Star Frost-Free Double Door Refrigerator (HRF-3304BKS-E, Black Brushline)","24,890",4.0 out of 5 stars,61,https://www.amazon.in/Haier-Frost-Free-Refrigerator-HRF-3304BKS-Brushline/dp/B08448W3R1/ref=sr_1_106?dchild=1&keywords=refrigerator&qid=1613575487&sr=8-106
"LG 190 L 4 Star Inverter Direct-Cool Single Door Refrigerator (GL-B201ABPY, Blue Plumeria)","15,990",4.3 out of 5 stars,729,https://www.amazon.in/LG-Inverter-Direct-Cool-Refrigerator-GL-B201ABPY/dp/B07W7B94HK/ref=sr_1_107?dchild=1&keywords=refrigerator&qid=1613575487&sr=8-107
"LG 260 L 3 Star Inverter Linear Frost Free Double Door Refrigerator (GL-T292RSPN, Scarlet Plumeria, Convertible)","27,999",3.8 out of 5 stars,144,https://www.amazon.in/LG-Refrigerator-GL-T292RSPN-ASPZEBN-Plumeria-Compressor/dp/B07BFPP8TY/ref=sr_1_108?dchild=1&keywords=refrigerator&qid=1613575487&sr=8-108
"LG 270 L 3 Star Direct Cool Single Door Refrigerator(GL-B281BPZX, Shiny Steel, Smart Inverter Compressor)","20,990",4.1 out of 5 stars,265,https://www.amazon.in/LG-Refrigerator-GL-B281BPZX-DPZZEBN-Inverter-Compressor/dp/B06XG9N37B/ref=sr_1_109?dchild=1&keywords=refrigerator&qid=1613575487&sr=8-109
"AmazonBasics 670 L Frost-Free French-Door Refrigerator (Silver, Water Dispenser)","66,499",3.2 out of 5 stars,5,https://www.amazon.in/AmazonBasics-AB2019RF009-Refrigerator-Model-9/dp/B07R9NK33K/ref=sr_1_110?dchild=1&keywords=refrigerator&qid=1613575487&sr=8-110
Whirlpool 245 L 2 Star Frost-Free Double Door Refrigerator,"20,490",4.1 out of 5 stars,137,https://www.amazon.in/Whirlpool-Star-Frost-Free-Double-Refrigerator/dp/B083JN7W51/ref=sr_1_111?dchild=1&keywords=refrigerator&qid=1613575487&sr=8-111
"LG 215 L 5 Star Inverter Direct-Cool Single Door Refrigerator (GL-B221ARSZ, Russet Sheen)","19,487",4.0 out of 5 stars,5,https://www.amazon.in/LG-Inverter-Direct-Cool-Refrigerator-GL-B221ARSZ/dp/B084S8NDVM/ref=sr_1_112?dchild=1&keywords=refrigerator&qid=1613575487&sr=8-112
"Renewed Whirlpool 190 L 3 Star Direct-Cool Single Door Refrigerator (WDE 205 CLS 3S, Wine)","10,617",,,https://www.amazon.in/Whirlpool-Refrigerator-WDE-205-CLS/dp/B08CH8Z3MN/ref=sr_1_113?dchild=1&keywords=refrigerator&qid=1613575490&sr=8-113
"Haier 220 L 3 Star Direct-Cool Single Door Refrigerator (HRD-2203PWG-E, Wave Glass)","19,925",5.0 out of 5 stars,2,https://www.amazon.in/Haier-Direct-Cool-Single-Refrigerator-HRD-2203PWG/dp/B088PG2XJ8/ref=sr_1_114?dchild=1&keywords=refrigerator&qid=1613575490&sr=8-114
"Whirlpool 190 L 4 Star Inverter Direct-Cool Single Door Refrigerator (WDE 205 PRM 4S INV MAGNUM STEEL, Magnum Steel)","13,990",3.9 out of 5 stars,28,https://www.amazon.in/Whirlpool-WDE-205-MAGNUM-STEEL/dp/B0892Q3WBW/ref=sr_1_115?dchild=1&keywords=refrigerator&qid=1613575490&sr=8-115
"Whirlpool 190 L 4 Star Inverter Direct-Cool Single Door Refrigerator (WDE 205 ROY 4S INV MAGNUM STEEL, Magnum Steel)","14,490",3.9 out of 5 stars,28,https://www.amazon.in/Whirlpool-WDE-205-MAGNUM-STEEL/dp/B0892NW44H/ref=sr_1_116?dchild=1&keywords=refrigerator&qid=1613575490&sr=8-116
"Whirlpool 215 L 3 Star Inverter Direct-Cool Single Door Refrigerator with Auto-Defrost Technology (230 VITAMAGIC PRO PRM 3S INV, Magnum Steel)","16,240",3.6 out of 5 stars,100,https://www.amazon.in/Whirlpool-Refrigerator-230-PRM-INV/dp/B08CRY9833/ref=sr_1_117?dchild=1&keywords=refrigerator&qid=1613575490&sr=8-117
"Whirlpool 200 L 4 Star Inverter Direct-Cool Single Door Refrigerator (215 ICEMAGIC PRO PRM 4S INV, Wine Flume)","15,490",3.8 out of 5 stars,5,https://www.amazon.in/Whirlpool-215-ICEMAGIC-PRO-PRM/dp/B088287VHS/ref=sr_1_118?dchild=1&keywords=refrigerator&qid=1613575490&sr=8-118
"LEONARD USA 115 L Inverter Double Door Mini Refrigerator/Small Fridge with Separate Deep Freezer Compartment & Interior Light for Home, Office or Bar (Based on American Technology)","15,590",5.0 out of 5 stars,2,https://www.amazon.in/LEONARD-Inverter-Refrigerator-Compartment-Technology/dp/B08FZSDFVW/ref=sr_1_119?dchild=1&keywords=refrigerator&qid=1613575490&sr=8-119
"Haier 195 L 4 Star Direct-Cool Single Door Refrigerator (HRD-1954CSG-E, Black Spiral Glass)","15,390",4.1 out of 5 stars,72,https://www.amazon.in/Haier-Direct-Cool-Single-Refrigerator-HRD-1954CSG/dp/B084HZX8XB/ref=sr_1_120?dchild=1&keywords=refrigerator&qid=1613575490&sr=8-120
"Haier 195 L 4 Star Direct-Cool Single Door Refrigerator (HRD-1954PSG-E, Black Spiral Glass)","16,900",3.7 out of 5 stars,8,https://www.amazon.in/Haier-Direct-Cool-Single-Refrigerator-HRD-1954PSG/dp/B088PH7LWC/ref=sr_1_121?dchild=1&keywords=refrigerator&qid=1613575490&sr=8-121
"Haier 195 L 3 Star Direct-Cool Single Door Refrigerator (HRD-1953CRS-E, Red Serenity)","12,385",3.9 out of 5 stars,34,https://www.amazon.in/Haier-Direct-Cool-Refrigerator-HRD-1953CRS-Serenity/dp/B084497PXQ/ref=sr_1_122?dchild=1&keywords=refrigerator&qid=1613575490&sr=8-122
"Samsung 225 L 4 Star Inverter Direct Cool Single Door Refrigerator(RR23A2F3X9U/HL, Paradise Blue, Base Stand with Drawer, Digi-Touch Cool)","19,190",,,https://www.amazon.in/Samsung-Refrigerator-RR23A2F3X9U-HL-Digi-Touch/dp/B08SM5GCD8/ref=sr_1_123?dchild=1&keywords=refrigerator&qid=1613575490&sr=8-123
"Godrej 255 L 2 Star Inverter Frost-Free Double Door Refrigerator (RF EON 255B 25 HI RY DR, Royal Dremin)","19,990",3.9 out of 5 stars,356,https://www.amazon.in/Godrej-Frost-Free-Refrigerator-EON-255B/dp/B083SQWR5J/ref=sr_1_124?dchild=1&keywords=refrigerator&qid=1613575490&sr=8-124
"Samsung 230 L 3 Star Inverter Direct-Cool Single Door Refrigerator (RR24T282YDX/NL, Luxe Brown)","19,690",5.0 out of 5 stars,1,https://www.amazon.in/Samsung-Direct-Cool-Refrigerator-RR24T282YDX-NL/dp/B0845BJRRC/ref=sr_1_125?dchild=1&keywords=refrigerator&qid=1613575490&sr=8-125
"LG 190 L 5 Star Inverter Direct-Cool Single Door Refrigerator (GL-D201APZZ, Shiny Steel, Base stand with drawer)","17,190",,,https://www.amazon.in/LG-Inverter-Direct-Cool-Refrigerator-GL-D201APZZ/dp/B084SF1564/ref=sr_1_127?dchild=1&keywords=refrigerator&qid=1613575490&sr=8-127
"LG 284 L 3 Star Inverter Linear Frost-Free Double Door Refrigerator (GL-T302RPZ3, Shiny Steel, Convertible)","31,499",3.5 out of 5 stars,15,https://www.amazon.in/LG-Frost-Free-Refrigerator-GL-T302RPZ3-Convertible/dp/B08CNSMMYS/ref=sr_1_128?dchild=1&keywords=refrigerator&qid=1613575490&sr=8-128
"Whirlpool 265 L 2 Star Frost-Free Double Door Refrigerator (NEOFRESH 278LH PRM 2S, German Steel)","21,490",3.9 out of 5 stars,9,https://www.amazon.in/Whirlpool-Frost-Free-Refrigerator-278LH-PRM/dp/B08CSCZL2J/ref=sr_1_129?dchild=1&keywords=refrigerator&qid=1613575492&sr=8-129
"LG 215 L 4 Star Inverter Direct-Cool Single Door Refrigerator (GL-B221AHCY, Hazel Charm)","17,800",4.6 out of 5 stars,3,https://www.amazon.in/LG-Inverter-Direct-Cool-Refrigerator-GL-B221AHCY/dp/B084Y8KDQB/ref=sr_1_130?dchild=1&keywords=refrigerator&qid=1613575492&sr=8-130
"Bosch 288 L 3 Star Inverter Frost-Free Double Door Refrigerator (KDN30UL30I, Mettalic)","23,741",2.7 out of 5 stars,38,https://www.amazon.in/Bosch-Inverter-Frost-Free-Refrigerator-KDN30UL30I/dp/B08D1575YB/ref=sr_1_131?dchild=1&keywords=refrigerator&qid=1613575492&sr=8-131
"Haier 258 L 2 Star Frost Free Double Door Refrigerator(HEF-25TGS, Grey Steel/Moon Silver, Convertible)","20,990",4.3 out of 5 stars,240,https://www.amazon.in/Haier-Double-Refrigerator-HEF-25TGS-Convertible/dp/B079NG8XKY/ref=sr_1_132?dchild=1&keywords=refrigerator&qid=1613575492&sr=8-132
"Whirlpool 190 L 3 Star Direct-Cool Single Door Refrigerator (WDE 205 CLS PLUS 3S WINE TWINKLE, Wine Twinkle)","12,490",4.2 out of 5 stars,132,https://www.amazon.in/Whirlpool-WDE-PLUS-WINE-TWINKLE/dp/B08DYN4M7L/ref=sr_1_133?dchild=1&keywords=refrigerator&qid=1613575492&sr=8-133
"Godrej 192 L 3 Star Direct-Cool Single Door Refrigerator (RD EDGERIO 207C 33 TRF JW WN, Jewel Wine)","13,440",,,https://www.amazon.in/Godrej-Refrigerator-EDGERIO-207C-TRF/dp/B08DJ8SRDS/ref=sr_1_134?dchild=1&keywords=refrigerator&qid=1613575492&sr=8-134
Godrej 236 L 2 Star Inverter Frost-Free Double Door Refrigerator (RF EON 236B 25 HI RY DR),"19,290",3.8 out of 5 stars,95,https://www.amazon.in/Godrej-Frost-Free-Refrigerator-EON-236B/dp/B083SR3XRX/ref=sr_1_136?dchild=1&keywords=refrigerator&qid=1613575492&sr=8-136
"Samsung 230 L 4 Star Direct Cool Single Door Refrigerator(RR24N287YU8/NL, Blooming Saffron Blue, Base Stand with Drawer, Inverter Compressor)","20,600",4.4 out of 5 stars,2,https://www.amazon.in/Samsung-Refrigerator-RR24N287YU8-NL-Compressor/dp/B079WCMHQN/ref=sr_1_137?dchild=1&keywords=refrigerator&qid=1613575492&sr=8-137
"Haier 256 L 3 Star Inverter Frost-Free Double Door Refrigerator (HRB-2764CIS-E, Inox Steel, Bottom Freezer)","22,790",3.3 out of 5 stars,10,https://www.amazon.in/Haier-Inverter-Frost-Free-Refrigerator-HRB-2764CIS/dp/B088PDZG4L/ref=sr_1_138?dchild=1&keywords=refrigerator&qid=1613575492&sr=8-138
"LEONARD USA 52 L Inverter Toughened Glass Door Mini Refrigerator/Small Fridge with LED Interior Light & Temperature Control for Home, Office or Bar (Based on American Technology)","16,490",,,https://www.amazon.in/LEONARD-Toughened-Refrigerator-Temperature-Technology/dp/B08FZRV5LJ/ref=sr_1_139?dchild=1&keywords=refrigerator&qid=1613575492&sr=8-139
"LG 190 L 3 Star Direct Cool Single Door Refrigerator(GL-B201ABPX.ABPZEBN, Blue Plumeria,Smart Inverter Compressor)","15,990",4.2 out of 5 stars,206,https://www.amazon.in/LG-Refrigerator-GL-B201ABPX-ABPZEBN-Plumeria-Compressor/dp/B079QNTQ8F/ref=sr_1_140?dchild=1&keywords=refrigerator&qid=1613575492&sr=8-140
"LG 190 L 4 Star Inverter Direct-Cool Single Door Refrigerator (GL-B201APGY, Purple Glow)","16,379",4.2 out of 5 stars,85,https://www.amazon.in/LG-Inverter-Direct-Cool-Refrigerator-GL-B201APGY/dp/B07VZFWJ5P/ref=sr_1_141?dchild=1&keywords=refrigerator&qid=1613575492&sr=8-141
"Samsung 192 L 3 Star Inverter Direct Cool Single Door Refrigerator(RR20T1Z2YR2/HL, Star Flower Red, Base Stand with Drawer)","14,777",3.8 out of 5 stars,33,https://www.amazon.in/Samsung-Inverter-Refrigerator-RR20T1Z2YR2-HL/dp/B08346K13X/ref=sr_1_142?dchild=1&keywords=refrigerator&qid=1613575492&sr=8-142
"Haier 192 L 2 Star (2020) Direct Cool-Single Door Refrigerator HRD-1922CRL-E, Red Lily","13,990",,,https://www.amazon.in/Haier-Direct-Cool-Single-Refrigerator-HRD-1922CRL/dp/B08DK5FF3J/ref=sr_1_143?dchild=1&keywords=refrigerator&qid=1613575492&sr=8-143
"Whirlpool 280 L 3 Star Direct-Cool Single Door Refrigerator (305 IMPRO PLUS PRM 3S ALPHA STEEL, Alpha Steel)","20,890",,,https://www.amazon.in/Whirlpool-IMPRO-PLUS-ALPHA-STEEL/dp/B08H91KPGS/ref=sr_1_144?dchild=1&keywords=refrigerator&qid=1613575492&sr=8-144
"Whirlpool 200 L 4 Star Inverter Direct-Cool Single Door Refrigerator (215 ICEMAGIC PWCL PRM 4S INV, Sapphire Radiance)","14,490",3.6 out of 5 stars,15,https://www.amazon.in/Whirlpool-Refrigerator-215-PRM-INV/dp/B0842R52SS/ref=sr_1_145?dchild=1&keywords=refrigerator&qid=1613575494&sr=8-145
"Godrej 200 L 3 Star Inverter Direct-Cool Single Door Refrigerator (RD EDGE 215C 33 TAI PP WN, Pep Wine)","15,490",,,https://www.amazon.in/Godrej-EDGE-215C-TAI-WN/dp/B088B89M9D/ref=sr_1_146?dchild=1&keywords=refrigerator&qid=1613575494&sr=8-146
TOSHIBA GR-A28INU(UK) 252 L 2-Star Inverter Frost-Free Double Door Refrigerators (Black Uni Glass),"20,990",4.5 out of 5 stars,2,https://www.amazon.in/TOSHIBA-GR-A28INU-UK-Frost-Free-Refrigerators/dp/B08CMSWTRX/ref=sr_1_147?dchild=1&keywords=refrigerator&qid=1613575494&sr=8-147
"LG 190 L 4 Star Inverter Direct-Cool Single Door Refrigerator (GL-D201AHCY, Hazel Charm)","17,499",4.6 out of 5 stars,14,https://www.amazon.in/LG-Inverter-Direct-Cool-Refrigerator-GL-D201AHCY/dp/B084Y9HM4J/ref=sr_1_148?dchild=1&keywords=refrigerator&qid=1613575494&sr=8-148
"Whirlpool 190 L 2 Star Direct-Cool Single Door Refrigerator (WDE 205 ROY 2S, Sapphire Fiesta) Toughened Glass Shelves with Base Drawer","12,990",4.2 out of 5 stars,814,https://www.amazon.in/Whirlpool-Refrigerator-WDE-205-ROY/dp/B083KW4D5N/ref=sr_1_149?dchild=1&keywords=refrigerator&qid=1613575494&sr=8-149
"AISEN 1 Star (2020) Direct Cool Single Door Refrigerator (100 L, Hairline Grey)AR-D1052SG.HG","8,990",3.2 out of 5 stars,51,https://www.amazon.in/AISEN-Direct-Refrigerator-Hairline-AR-D1052SG-HG/dp/B07WHBVWC6/ref=sr_1_150?dchild=1&keywords=refrigerator&qid=1613575494&sr=8-150
"Whirlpool 190 L 2 Star Direct-Cool Single Door Refrigerator (WDE 205 CLS PLUS 2S, Argyle Black)","11,490",2.4 out of 5 stars,3,https://www.amazon.in/Whirlpool-WDE-205-CLS-PLUS/dp/B0853G8NDJ/ref=sr_1_151?dchild=1&keywords=refrigerator&qid=1613575494&sr=8-151
"Whirlpool 190 L 3 Star Direct-Cool Single Door Refrigerator (WDE 205 ROY 3S, Wine Fiesta, Toughened Glass Shelves) with Base Drawer","13,490",4.1 out of 5 stars,92,https://www.amazon.in/Whirlpool-Refrigerator-WDE-205-ROY/dp/B083KSQ9N9/ref=sr_1_152?dchild=1&keywords=refrigerator&qid=1613575494&sr=8-152
"Whirlpool 200 L 3 Star Direct-Cool Single Door Refrigerator (215 ICEMAGIC PRO PRM 3S, Neo Dutch)","14,215",4.1 out of 5 stars,11,https://www.amazon.in/Whirlpool-Direct-Cool-Refrigerator-215-PRM/dp/B0851VNY9Z/ref=sr_1_153?dchild=1&keywords=refrigerator&qid=1613575494&sr=8-153
"LG 260 L 3 Star Inverter linear Frost-Free Double Door Refrigerator (GL-T292RES3, Ebony Sheen, Convertible Plus)","24,966",3.0 out of 5 stars,2,https://www.amazon.in/LG-Frost-Free-Refrigerator-GL-T292RES3-Convertible/dp/B088R4MJRR/ref=sr_1_154?dchild=1&keywords=refrigerator&qid=1613575494&sr=8-154
"Godrej 205C 33 TAI Glass Direct Cool 3 Star Inverter Refrigerator (Blue, 190 ltrs)","13,900",,,https://www.amazon.in/Godrej-205C-33-TAI-Refrigerator/dp/B088BDLL29/ref=sr_1_155?dchild=1&keywords=refrigerator&qid=1613575494&sr=8-155
"Whirlpool 265 L 2 Star Inverter Frost-Free Double Door Refrigerator (INTELLIFRESH CNV 278 2S German Steel, Convertible)","23,490",3.9 out of 5 stars,58,https://www.amazon.in/Whirlpool-Refrigerator-INTELLIFRESH-CNV-278/dp/B083JPJSYW/ref=sr_1_156?dchild=1&keywords=refrigerator&qid=1613575494&sr=8-156
ISHIKA TRADING COMPANY White Plastic Freezer Door for Godrej Edge Pro Refrigerator (Standard),693,5.0 out of 5 stars,1,https://www.amazon.in/ISHIKA-TRADING-COMPANY-Refrigerator-Standard/dp/B07VRYVFTH/ref=sr_1_157?dchild=1&keywords=refrigerator&qid=1613575494&sr=8-157
"Whirlpool 190 L 3 Star Direct-Cool Single Door Refrigerator (205 IMPC ROY 3S SAPPHIRE RADIANCE, Sapphire Radiance)","14,403",3.3 out of 5 stars,6,https://www.amazon.in/Whirlpool-205-IMPC-SAPPHIRE-RADIANCE/dp/B083M3JYGW/ref=sr_1_158?dchild=1&keywords=refrigerator&qid=1613575494&sr=8-158
"LG 190 L 4 Star Inverter Direct-Cool Single Door Refrigerator (GL-B201ABCY, Blue Charm)","15,990",3.8 out of 5 stars,21,https://www.amazon.in/LG-Inverter-Direct-Cool-Refrigerator-GL-B201ABCY/dp/B084Y87BYN/ref=sr_1_159?dchild=1&keywords=refrigerator&qid=1613575494&sr=8-159
"LG 235 L 4 Star Inverter Direct-Cool Single Door Refrigerator (GL-D241ASCY, Scarlet Charm)","20,590",4.2 out of 5 stars,270,https://www.amazon.in/LG-Inverter-Direct-Cool-Refrigerator-GL-D241ASCY/dp/B084YBZ5YV/ref=sr_1_160?dchild=1&keywords=refrigerator&qid=1613575494&sr=8-160
"LG 235 L 4 Star Inverter Direct-Cool Single Door Refrigerator (GL-D241ABCY, Blue Charm)","20,590",4.1 out of 5 stars,209,https://www.amazon.in/LG-Inverter-Direct-Cool-Refrigerator-GL-D241ABCY/dp/B084YGPX19/ref=sr_1_161?dchild=1&keywords=refrigerator&qid=1613575498&sr=8-161
"LG 235 L 3 Star Direct-Cool Single Door Refrigerator (GL-D241APZD, Shiny Steel)","17,490",4.3 out of 5 stars,209,https://www.amazon.in/LG-Direct-Cool-Single-Refrigerator-GL-D241APZD/dp/B07W7B94GZ/ref=sr_1_162?dchild=1&keywords=refrigerator&qid=1613575498&sr=8-162
(CERTIFIED REFURBISHED) Renewed Samsung 212 L 3 Star Inverter Direct Cool Single Door Refrigerator (Elegant Inox (Light Doi Metal)),"13,252",,,https://www.amazon.in/CERTIFIED-REFURBISHED-Samsung-Inverter-Refrigerator/dp/B08CDWQRTH/ref=sr_1_163?dchild=1&keywords=refrigerator&qid=1613575498&sr=8-163
"LG 889 L Inverter Linear Door-in-Door Side by Side Refrigerator (GR-J31FTUHL, Saffiano, Multi Air Flow Cooling)","2,20,624",3.0 out of 5 stars,4,https://www.amazon.in/LG-Frost-Free-Multi-Door-Refrigerator-GR-J31FTUHL/dp/B07GDRNBB3/ref=sr_1_164?dchild=1&keywords=refrigerator&qid=1613575498&sr=8-164
"LG 235 L 4 Star Inverter Direct Cool Single Door Refrigerator (GL-D241ARGY, Ruby Glow)","21,490",4.1 out of 5 stars,100,https://www.amazon.in/LG-Inverter-Direct-Refrigerator-GL-D241ARGY/dp/B07NDFJH3V/ref=sr_1_165?dchild=1&keywords=refrigerator&qid=1613575498&sr=8-165
"Whirlpool 215 L 5 Star Inverter Direct-Cool Single Door Refrigerator (230 IMPRO ROY 5S INV ALPHA STEEL, Alpha Steel)","17,490",3.3 out of 5 stars,5,https://www.amazon.in/Whirlpool-230-IMPRO-ALPHA-STEEL/dp/B087MFX4Z5/ref=sr_1_166?dchild=1&keywords=refrigerator&qid=1613575498&sr=8-166
"Samsung 198 L 5 Star Inverter Direct-Cool Single Door Refrigerator (RR21T2H2W9R/HL, Paradise Purple, Base Stand with Drawer)","17,900",4.3 out of 5 stars,26,https://www.amazon.in/Samsung-Direct-Cool-Refrigerator-RR21T2H2W9R-HL/dp/B08445QGNJ/ref=sr_1_167?dchild=1&keywords=refrigerator&qid=1613575498&sr=8-167
"Whirlpool 200 L 4 Star Inverter Direct-Cool Single Door Refrigerator (215 IMPRO PRM 4S INV COOL ILLUSIA, Cool Illusia)","15,240",1.0 out of 5 stars,3,https://www.amazon.in/Whirlpool-215-IMPRO-COOL-ILLUSIA/dp/B08DZ631FN/ref=sr_1_168?dchild=1&keywords=refrigerator&qid=1613575498&sr=8-168
"LG 190 L 3 Star Direct-Cool Single Door Refrigerator (GL-B201RPZD, Shiny Steel)","12,530",4.3 out of 5 stars,289,https://www.amazon.in/LG-Direct-Cool-Single-Refrigerator-GL-B201RPZD/dp/B084Y86B9Z/ref=sr_1_169?dchild=1&keywords=refrigerator&qid=1613575498&sr=8-169
"Haier 262 L 3 Star Inverter Direct-Cool Single Door Refrigerator (HRD-2623BKS-E, Black Brushline)","17,900",3.9 out of 5 stars,8,https://www.amazon.in/Haier-Direct-Cool-Refrigerator-HRD-2623BKS-Brushline/dp/B088PG3L6S/ref=sr_1_171?dchild=1&keywords=refrigerator&qid=1613575498&sr=8-171
LG GL-N292BDSY 260 L Frost Free Refrigerator with Smart Inverter Compressor,"20,700",3.0 out of 5 stars,1,https://www.amazon.in/LG-GL-N292BDSY-Refrigerator-Inverter-Compressor/dp/B08BWN4454/ref=sr_1_172?dchild=1&keywords=refrigerator&qid=1613575498&sr=8-172
"Samsung 230 L 3 Star Inverter Direct-Cool Single Door Refrigerator (RR24T285Y6U/NL, Mystic Overlay Blue)","19,350",2.4 out of 5 stars,5,https://www.amazon.in/Samsung-Direct-Cool-Refrigerator-RR24T285Y6U-NL/dp/B0845BJG15/ref=sr_1_173?dchild=1&keywords=refrigerator&qid=1613575498&sr=8-173
"LG 190 L 5 Star Inverter Direct-Cool Single Door Refrigerator (GL-B201ARGZ, Ruby Glow)","16,790",3.1 out of 5 stars,5,https://www.amazon.in/LG-Inverter-Direct-Cool-Refrigerator-GL-B201ARGZ/dp/B084S89LVZ/ref=sr_1_174?dchild=1&keywords=refrigerator&qid=1613575498&sr=8-174
"Samsung 255 L 3 Star Inverter Direct Cool Single Door Refrigerator(RR26T389YUT/HL, Pebble Blue, Base Stand with Drawer)","19,690",4.2 out of 5 stars,439,https://www.amazon.in/Samsung-Inverter-Refrigerator-RR26T389YUT-HL/dp/B08346C9R4/ref=sr_1_175?dchild=1&keywords=refrigerator&qid=1613575498&sr=8-175
"Whirlpool 215 L 3 Star Inverter Direct-Cool Single Door Refrigerator with Moisture Lock-In Technology (230 ICEMAGIC FRESH PRM 3S INV, Sapphire Radiance)","15,740",3.9 out of 5 stars,46,https://www.amazon.in/Whirlpool-Refrigerator-230-PRM-INV/dp/B083KSWRFW/ref=sr_1_176?dchild=1&keywords=refrigerator&qid=1613575498&sr=8-176
"Samsung 230 L 3 Star Inverter Direct-Cool Single Door Refrigerator (RR24T275YCU/NL, Camellia Blue)","19,800",,,https://www.amazon.in/Samsung-Direct-Cool-Refrigerator-RR24T275YCU-NL/dp/B0845BJRRV/ref=sr_1_177?dchild=1&keywords=refrigerator&qid=1613575501&sr=8-177
"Godrej 210 L 4 Star Inverter Direct-Cool Single Door Refrigerator (RD EDGEPRO 225D 43 TAI AQ WN, Aqua Wine, Inverter Compressor)","17,490",5.0 out of 5 stars,7,https://www.amazon.in/Godrej-Refrigerator-EDGEPRO-225D-TAI/dp/B086169MGG/ref=sr_1_178?dchild=1&keywords=refrigerator&qid=1613575501&sr=8-178
Whirlpool DC Refrigerator 215 IMPC Roy 3S Sapphire Abyss (71629),"13,990",,,https://www.amazon.in/Whirlpool-IMPC-Sapphire-Abyss-71629/dp/B08FXCFJ8J/ref=sr_1_179?dchild=1&keywords=refrigerator&qid=1613575501&sr=8-179
"Whirlpool 340 L 3 Star Inverter Frost-Free Double Door Refrigerator (IF INV CNV 355 COOL ILLUSIA 3S, Cool Illusia Steel)","31,490",3.9 out of 5 stars,221,https://www.amazon.in/Whirlpool-INV-CNV-COOL-ILLUSIA/dp/B087JXCWZC/ref=sr_1_180?dchild=1&keywords=refrigerator&qid=1613575501&sr=8-180
"Samsung 253L 2 Star Inverter Frost Free Double Door Refrigerator (RT28T3122S8/HL, Elegant Inox, Base Stand with Drawer)","22,190",4.2 out of 5 stars,26,https://www.amazon.in/Samsung-Inverter-Refrigerator-RT28T3122S8-HL/dp/B08345P949/ref=sr_1_181?dchild=1&keywords=refrigerator&qid=1613575501&sr=8-181
"Whirlpool 215 L 5 Star Inverter Direct-Cool Single Door Refrigerator (230 ICEMAGIC PRO PRM 5S INV, Wine Flume)","17,740",3.7 out of 5 stars,69,https://www.amazon.in/Whirlpool-Refrigerator-230-PRM-INV/dp/B086H4Q5ZG/ref=sr_1_182?dchild=1&keywords=refrigerator&qid=1613575501&sr=8-182
"Samsung 192 L 3 Star Direct-Cool Single Door Refrigerator (RR20T182YUT/HL, Pebble Blue)","15,290",,,https://www.amazon.in/Samsung-Direct-Cool-Refrigerator-RR20T182YUT-HL/dp/B0845FV8JD/ref=sr_1_183?dchild=1&keywords=refrigerator&qid=1613575501&sr=8-183
"LG 260 L 3 Star Inverter Linear Frost-Free Double Door Refrigerator (GL-T292SRG3, Ruby Glow, Convertible)","27,127",4.3 out of 5 stars,6,https://www.amazon.in/LG-Frost-Free-Refrigerator-GL-T292SRG3-Convertible/dp/B084S8B6X8/ref=sr_1_184?dchild=1&keywords=refrigerator&qid=1613575501&sr=8-184
"Whirlpool 200 L 4 Star Inverter Direct-Cool Single Door Refrigerator (215 ICEMAGIC PRO PRM 4S, Wine Hibiscus)","15,866",,,https://www.amazon.in/Whirlpool-Direct-Cool-Refrigerator-215-PRM/dp/B08DZJXP9Y/ref=sr_1_185?dchild=1&keywords=refrigerator&qid=1613575501&sr=8-185
"LG 284 L 2 Star Inverter Frost-Free Double Door Refrigerator (GL-T302SDSY, Dazzle Steel)","26,990",4.7 out of 5 stars,7,https://www.amazon.in/LG-Inverter-Frost-Free-Refrigerator-GL-T302SDSY/dp/B0854W6VG8/ref=sr_1_186?dchild=1&keywords=refrigerator&qid=1613575501&sr=8-186
"Godrej 328 L 2 Star Inverter Frost-Free Double Door Refrigerator (RF EON 328B 25 HCIT ST RH, Steel Rush, 4 in 1 Convertible)","28,790",3.8 out of 5 stars,121,https://www.amazon.in/Godrej-Refrigerator-EON-328B-HCIT/dp/B08CS64H5Z/ref=sr_1_187?dchild=1&keywords=refrigerator&qid=1613575501&sr=8-187
"Whirlpool 292 L 3 Star Inverter Frost-Free Double Door Refrigerator (INTELLIFRESH INV CNV 305 3S, Black Sparkle, Convertible)","27,990",4.1 out of 5 stars,331,https://www.amazon.in/Whirlpool-Refrigerator-INV-CNV-305/dp/B083JNN628/ref=sr_1_188?dchild=1&keywords=refrigerator&qid=1613575501&sr=8-188
"Whirlpool 265 L 2 Star Frost-Free Double Door Refrigerator with Glass Door (NEOFRESH GD PRM 278 2S, Crystal Black)","23,490",4.0 out of 5 stars,37,https://www.amazon.in/Whirlpool-Frost-Free-Refrigerator-PRM-278/dp/B084XMM69M/ref=sr_1_189?dchild=1&keywords=refrigerator&qid=1613575501&sr=8-189
"Godrej 210 L 4 Star Inverter Direct-Cool Single Door Refrigerator (RD EDGEPRO 225D 43 TDI RY WN, Ray Wine, Base stand with drawer, Inverter Compressor)","18,490",3.7 out of 5 stars,23,https://www.amazon.in/Godrej-Refrigerator-EDGEPRO-225D-TDI/dp/B08618K5HS/ref=sr_1_190?dchild=1&keywords=refrigerator&qid=1613575501&sr=8-190
"Samsung 192 L 3 Star Inverter Direct Cool Single Door Refrigerator(RR20T172YR2/HL, Star Flower Red)","13,990",4.2 out of 5 stars,41,https://www.amazon.in/Samsung-Inverter-Refrigerator-RR20T172YR2-HL/dp/B08346L2K5/ref=sr_1_191?dchild=1&keywords=refrigerator&qid=1613575501&sr=8-191
"LG 260 L 2 Star Inverter Frost-Free Double-Door Refrigerator (GL-N292DPOY, Purple Orchid)","22,990",4.2 out of 5 stars,87,https://www.amazon.in/LG-Frost-Free-Double-Door-Refrigerator-GL-N292DPOY/dp/B07PB59T93/ref=sr_1_192?dchild=1&keywords=refrigerator&qid=1613575501&sr=8-192
"Whirlpool 215 L 3 Star Inverter Direct-Cool Single Door Refrigerator (230 IMFR ROY 3S INV WINE AZALEA, Wine Azalea)","17,239",4.7 out of 5 stars,4,https://www.amazon.in/Whirlpool-230-IMFR-WINE-AZALEA/dp/B084W68FX8/ref=sr_1_193?dchild=1&keywords=refrigerator&qid=1613575504&sr=8-193
"LG 215 L 4 Star Inverter Direct-Cool Single Door Refrigerator (GL-D221ABCY, Blue Charm)","18,590",4.0 out of 5 stars,21,https://www.amazon.in/LG-Inverter-Direct-Cool-Refrigerator-GL-D221ABCY/dp/B084TGSM2N/ref=sr_1_195?dchild=1&keywords=refrigerator&qid=1613575504&sr=8-195
"Panasonic 202 L 2 Star Direct-Cool Single Door Refrigerator (NR-AC21SVX1, Purple Floral)","14,990",,,https://www.amazon.in/Panasonic-Direct-Cool-Single-Refrigerator-NR-AC21SVX1/dp/B08436NPKZ/ref=sr_1_196?dchild=1&keywords=refrigerator&qid=1613575504&sr=8-196
"Haier 220 L 3 Star Direct-Cool Single Door Refrigerator (HRD-2203PRB-E, Red Blossom)","16,790",4.0 out of 5 stars,16,https://www.amazon.in/Haier-Direct-Cool-Refrigerator-HRD-2203PRB-Blossom/dp/B0844968V4/ref=sr_1_197?dchild=1&keywords=refrigerator&qid=1613575504&sr=8-197
"Samsung 253L 3 Star Inverter Frost Free Double Door Refrigerator (RT28T3743S8/HL, Elegant Inox, Convertible)","24,990",4.2 out of 5 stars,509,https://www.amazon.in/Samsung-Refrigerator-RT28T3743S8-HL-Convertible/dp/B08346545V/ref=sr_1_198?dchild=1&keywords=refrigerator&qid=1613575504&sr=8-198
"LG 188 L 3 Star Inverter Direct-Cool Single Door Refrigerator (GL-B191KPRX, Peppy Red)","13,289",4.0 out of 5 stars,49,https://www.amazon.in/LG-Inverter-Direct-Cool-Refrigerator-GL-B191KPRX/dp/B07W1KC1JW/ref=sr_1_199?dchild=1&keywords=refrigerator&qid=1613575504&sr=8-199
"Whirlpool 200 L 3 Star Direct-Cool Single Door Refrigerator (215 ICEMAGIC PRO PRM 3S, Purple Mulia)","15,240",3.7 out of 5 stars,11,https://www.amazon.in/Whirlpool-Direct-Cool-Refrigerator-215-PRM/dp/B0851VNY9Y/ref=sr_1_200?dchild=1&keywords=refrigerator&qid=1613575504&sr=8-200
"Godrej Edge Pro 190 Ltr 4 Star Direct Cool Single Door Refrigerator (RD EDGEPRO 205D 43 TDI RY WN, Ray Wine)","15,199",,,https://www.amazon.in/Godrej-Refrigerator-EDGEPRO-205D-TDI/dp/B08L7W2BPB/ref=sr_1_201?dchild=1&keywords=refrigerator&qid=1613575504&sr=8-201
"LG 260 L 3 Star Inverter Linear Frost-Free Double Door Refrigerator (GL-T292SPZ3, Shiny Steel, Convertible)","29,190",4.1 out of 5 stars,137,https://www.amazon.in/LG-Frost-Free-Refrigerator-GL-T292SPZ3-Convertible/dp/B08CNV3XXB/ref=sr_1_203?dchild=1&keywords=refrigerator&qid=1613575504&sr=8-203
"Haier 220 L 3 Star Direct-Cool Single Door Refrigerator (HED-22TKS, Black Brushline)","14,790",3.3 out of 5 stars,22,https://www.amazon.in/Haier-Direct-Cool-Refrigerator-HED-22TKS-Brushline/dp/B084491B1B/ref=sr_1_205?dchild=1&keywords=refrigerator&qid=1613575504&sr=8-205
"LG 270 L 3 Star Inverter Direct-Cool Single Door Refrigerator (GL-B281BSCX, Scarlet Charm)","21,599",4.2 out of 5 stars,95,https://www.amazon.in/LG-Inverter-Direct-Cool-Refrigerator-GL-B281BSCX/dp/B084S8LB1D/ref=sr_1_206?dchild=1&keywords=refrigerator&qid=1613575504&sr=8-206
"LG 284 L 3 Star Inverter Frost-Free Double Door Refrigerator (GL-T302SRG3, Ruby Glow)","29,964",,,https://www.amazon.in/LG-Inverter-Frost-Free-Refrigerator-GL-T302SRG3/dp/B08HWPXF2F/ref=sr_1_207?dchild=1&keywords=refrigerator&qid=1613575504&sr=8-207
"Whirlpool 265 L 3 Star Inverter Frost-Free Double Door Refrigerator (IF INV CNV 278 PURPLE MULIA 3S, Purple Mulia)","26,490",3.8 out of 5 stars,7,https://www.amazon.in/Whirlpool-INV-CNV-PURPLE-MULIA/dp/B088FX9MXQ/ref=sr_1_208?dchild=1&keywords=refrigerator&qid=1613575504&sr=8-208
"Whirlpool 200 L 3 Star ( 2019 ) Direct Cool Single Door Refrigerator (215 IMPWCOOL ROY 3S, Silver Bliss-E)","30,751",4.2 out of 5 stars,264,https://www.amazon.in/Whirlpool-Refrigerator-215-IMPWCOOL-ROY/dp/B07NBXMBRD/ref=sr_1_209?dchild=1&keywords=refrigerator&qid=1613575507&sr=8-209
"Samsung 253 L 2 Star Inverter Frost-Free Double Door Refrigerator (RT28T3032U8/HL, Saffron Blue)","24,500",5.0 out of 5 stars,1,https://www.amazon.in/Samsung-Frost-Free-Refrigerator-RT28T3032U8-HL/dp/B0846DC7G6/ref=sr_1_210?dchild=1&keywords=refrigerator&qid=1613575507&sr=8-210
"Koryo 190 L 3 Star Direct Cool Single Door Refrigerator (KDR215BM3F, Blue)","12,990",,,https://www.amazon.in/Koryo-Direct-Single-Refrigerator-KDR215BM3F/dp/B07RBPDJLG/ref=sr_1_212?dchild=1&keywords=refrigerator&qid=1613575507&sr=8-212
"Whirlpool 215 L 4 Star Inverter Direct-Cool Single Door Refrigerator (230 IMPRO ROY 4S INV ALPHA STEEL, Alpha Steel)","17,990",4.6 out of 5 stars,5,https://www.amazon.in/Whirlpool-230-IMPRO-ALPHA-STEEL/dp/B087MDRQK3/ref=sr_1_213?dchild=1&keywords=refrigerator&qid=1613575507&sr=8-213
"Haier 195 L 3 Star Direct-Cool Single Door Refrigerator (HRD-1953CMO-E, Marine(Blue) Ornate)","13,222",3.3 out of 5 stars,3,https://www.amazon.in/Haier-Direct-Cool-Single-Refrigerator-HRD-1953CMO/dp/B08446VFND/ref=sr_1_214?dchild=1&keywords=refrigerator&qid=1613575507&sr=8-214
"Haier 276 L 3 Star Inverter Frost-Free Double Door Refrigerator (HRB-2964PMG-E, Silver)","30,990",4.1 out of 5 stars,46,https://www.amazon.in/Haier-Inverter-Frost-Free-Refrigerator-HRB-2964PMG/dp/B07TWLXHP2/ref=sr_1_215?dchild=1&keywords=refrigerator&qid=1613575507&sr=8-215
"LG 188 L 2 Star ( 2019 ) Direct Cool Single Door Refrigerator(GL-B191KRLV, Ruby Luster)","12,304",4.6 out of 5 stars,10,https://www.amazon.in/LG-Direct-Single-Refrigerator-GL-B191KRLV/dp/B0753PLLX6/ref=sr_1_216?dchild=1&keywords=refrigerator&qid=1613575507&sr=8-216
"Panasonic 194 L 3 Star Inverter Direct-Cool Single Door Refrigerator (NR-A193VAX1, Blue Hairline)","14,490",5.0 out of 5 stars,2,https://www.amazon.in/Panasonic-Inverter-Direct-Cool-Refrigerator-NR-A193VAX1/dp/B084K354BF/ref=sr_1_217?dchild=1&keywords=refrigerator&qid=1613575507&sr=8-217
"Samsung 275L 3 Star Inverter Frost Free Double Door Refrigerator (RT30T3443S9/HL, Refined Inox)","25,290",4.1 out of 5 stars,278,https://www.amazon.in/Samsung-Inverter-Refrigerator-RT30T3443S9-HL/dp/B08346HPXM/ref=sr_1_218?dchild=1&keywords=refrigerator&qid=1613575507&sr=8-218
"Samsung 255 L 3 Star Inverter Direct-Cool Single Door Refrigerator (RR26T373YU8/HL, Saffron Blue)","20,900",5.0 out of 5 stars,1,https://www.amazon.in/Samsung-Direct-Cool-Refrigerator-RR26T373YU8-HL/dp/B0845BT9MJ/ref=sr_1_219?dchild=1&keywords=refrigerator&qid=1613575507&sr=8-219
"Godrej 210 L 3 Star Direct-Cool Single Door Refrigerator (RD EDGEPRO 225C 33 TAF ZN BL, Zen Blue)","14,990",,,https://www.amazon.in/Godrej-EDGEPRO-225C-TAF-BL/dp/B088BKNM3M/ref=sr_1_220?dchild=1&keywords=refrigerator&qid=1613575507&sr=8-220
"LG 360 L 3 Star Inverter Frost-Free Double Door Refrigerator (GL-T402JRS3, Russet Sheen)","44,499",5.0 out of 5 stars,1,https://www.amazon.in/LG-Inverter-Frost-Free-Refrigerator-GL-T402JRS3/dp/B08HWQWK9H/ref=sr_1_221?dchild=1&keywords=refrigerator&qid=1613575507&sr=8-221
"LG 335 L 3 Star Inverter Frost-Free Double Door Refrigerator (GL-T372JDS3, Dazzle Steel, Convertible)","36,990",4.5 out of 5 stars,117,https://www.amazon.in/LG-Frost-Free-Refrigerator-GL-T372JDS3-Convertible/dp/B084TH4783/ref=sr_1_222?dchild=1&keywords=refrigerator&qid=1613575507&sr=8-222
"Haier 242 L 3 Star Inverter Direct-Cool Single Door Refrigerator (HRD-2423PIS-E, Inox Steel)","17,990",,,https://www.amazon.in/Haier-Inverter-Direct-Cool-Refrigerator-HRD-2423PIS/dp/B088PGJMT7/ref=sr_1_223?dchild=1&keywords=refrigerator&qid=1613575507&sr=8-223
"Haier 192 L 3 Star 2020 Direct-Cool Single-Door Refrigerator (HRD-1923PMG-E, Mirror Glass)","16,500",3.2 out of 5 stars,2,https://www.amazon.in/Haier-Direct-Cool-Single-Door-Refrigerator-HRD-1923PMG/dp/B084V77Z76/ref=sr_1_224?dchild=1&keywords=refrigerator&qid=1613575507&sr=8-224
"Samsung 230 L 3 Star Inverter Direct Cool Single Door Refrigerator (RR24A282YCR/NL, Camellia Purple, base stand drawer)","17,490",,,https://www.amazon.in/Samsung-Inverter-Refrigerator-RR24A282YCR-NL/dp/B08SW2T8NK/ref=sr_1_225?dchild=1&keywords=refrigerator&qid=1613575511&sr=8-225
"Samsung 198 L 4 Star Inverter Direct-Cool Single Door Refrigerator (RR21T2H2XCB/HL, Camellia Black, Base Stand with Drawer)","16,990",4.7 out of 5 stars,5,https://www.amazon.in/Samsung-Direct-Cool-Refrigerator-RR21T2H2XCB-HL/dp/B084461SF4/ref=sr_1_226?dchild=1&keywords=refrigerator&qid=1613575511&sr=8-226
AmazonBasics 564 L Frost Free Side-by-Side Refrigerator with Water Dispenser (Black Glass Door),"44,175",4.0 out of 5 stars,679,https://www.amazon.in/AmazonBasics-Frost-Side-Refrigerator-Dispenser/dp/B07R9NJCVZ/ref=sr_1_227_mod_primary_lightning_deal?dchild=1&keywords=refrigerator&qid=1613575511&sbo=Tc8eqSFhUl4VwMzbE4fw%2Fw%3D%3D&smid=AT95IG9ONZD7S&sr=8-227
Voltas Beko 195 L 2 Star Direct Cool Refrigerator (Belus Wine) (2020) RDC215DBWRX,"12,159",,,https://www.amazon.in/Voltas-Beko-Direct-Refrigerator-RDC215DBWRX/dp/B08HCSLQXG/ref=sr_1_228?dchild=1&keywords=refrigerator&qid=1613575511&sr=8-228
"(Renewe) Whirlpool 190 L Direct-cool Single Door Refrigerator With Toughened Glass Shelves (Wde 205 Cls Plus 2s, 2 Star Rating, Wine Fiesta)","12,225",,,https://www.amazon.in/Whirlpool-Direct-cool-Refrigerator-Toughened-205/dp/B08QW5NBY9/ref=sr_1_229?dchild=1&keywords=refrigerator&qid=1613575511&sr=8-229
"Samsung 198 L 4 Star Inverter Direct-Cool Single Door Refrigerator (RR21T2G2XCB/HL, Camellia Black)","16,500",,,https://www.amazon.in/Samsung-Direct-Cool-Refrigerator-RR21T2G2XCB-HL/dp/B08445YZXK/ref=sr_1_231?dchild=1&keywords=refrigerator&qid=1613575511&sr=8-231
"Voltas Beko 185L 2 Star Direct-Cool Single Door Refrigerator (RDC205DKPRX,Kassia Purple) 2020","11,899",3.8 out of 5 stars,3,https://www.amazon.in/Voltas-Beko-Direct-Cool-Refrigerator-RDC205DKPRX/dp/B08JCVNVV3/ref=sr_1_232?dchild=1&keywords=refrigerator&qid=1613575511&sr=8-232
"LG 188 L 2 Star Inverter Direct-Cool Single-Door Refrigerator (GL-B191KDSW, Dazzle Steel)","13,541",3.9 out of 5 stars,43,https://www.amazon.in/LG-Direct-Cool-Single-Door-Refrigerator-GL-B191KDSW/dp/B07GLLPPBM/ref=sr_1_233?dchild=1&keywords=refrigerator&qid=1613575511&sr=8-233
"Samsung 215 L 3 Star Inverter Direct-Cool Double Door Refrigerator (RR22T382YDX/HL, Luxe Brown)","17,500",,,https://www.amazon.in/Samsung-Direct-Cool-Refrigerator-RR22T382YDX-HL/dp/B086ZWTP53/ref=sr_1_234?dchild=1&keywords=refrigerator&qid=1613575511&sr=8-234
"Samsung 198 L 4 Star Inverter Direct-Cool Single Door Refrigerator (RR21T2G2XNV/HL, Inox Wave)","15,990",3.9 out of 5 stars,10,https://www.amazon.in/Samsung-Direct-Cool-Refrigerator-RR21T2G2XNV-HL/dp/B084461ZPR/ref=sr_1_235?dchild=1&keywords=refrigerator&qid=1613575511&sr=8-235
(Renewed) Samsung 192 L 4 Star Inverter Direct Cool Single Door Refrigerator (Elegant Inox),"13,337",,,https://www.amazon.in/Renewed-Samsung-Inverter-Refrigerator-Elegant/dp/B08CDWV7TF/ref=sr_1_236?dchild=1&keywords=refrigerator&qid=1613575511&sr=8-236
"Panasonic 194 L 3 Star Inverter Direct-Cool Single Door Refrigerator (NR-A193VFMX1, Maroon Floral)","15,453",5.0 out of 5 stars,1,https://www.amazon.in/Panasonic-Inverter-Direct-Cool-Refrigerator-NR-A193VFMX1/dp/B084HVVRJT/ref=sr_1_237?dchild=1&keywords=refrigerator&qid=1613575511&sr=8-237
"Haier 258 L 2 Star Convertible Frost-Free Double Door Refrigerator (HRF-2783BKS-E, Black Brushline)","21,990",,More Buying Choices,https://www.amazon.in/Haier-Convertible-Frost-Free-Refrigerator-HRF-2783BKS/dp/B08D9NPXY6/ref=sr_1_238?dchild=1&keywords=refrigerator&qid=1613575511&sr=8-238
"Whirlpool 265 L 2 Star Frost-Free Double Door Refrigerator (NEO 278H PRM WINE ABYSS (2S)-N, Wine)","22,490",3.9 out of 5 stars,41,https://www.amazon.in/Whirlpool-NEO-278H-WINE-ABYSS/dp/B083JND1CD/ref=sr_1_239?dchild=1&keywords=refrigerator&qid=1613575511&sr=8-239
"(Renewed) Whirlpool 240 L Frost Free Multi-Door Refrigerator(FP 263D Protton Roy, Alpha Steel)","20,817",,,https://www.amazon.in/Whirlpool-Multi-Door-Refrigerator-263D-Protton/dp/B07P41LZKN/ref=sr_1_240?dchild=1&keywords=refrigerator&qid=1613575511&sr=8-240
"Panasonic 194 L 3 Star Inverter Direct-Cool Single Door Refrigerator (NR-A193VMX1, Maroon Hairline)","14,523",,,https://www.amazon.in/Panasonic-Inverter-Direct-Cool-Refrigerator-NR-A193VMX1/dp/B084K3G98M/ref=sr_1_241?dchild=1&keywords=refrigerator&qid=1613575514&sr=8-241
"Koryo 225 L 3 Star Direct Cool Single Door Refrigerator (KDR250S3, Silver)","11,562",3.9 out of 5 stars,16,https://www.amazon.in/Koryo-Direct-Single-Refrigerator-KDR250S3/dp/B07VT82VPR/ref=sr_1_242?dchild=1&keywords=refrigerator&qid=1613575514&sr=8-242
"LG 260 L 2 Star Smart Inverter Frost-Free Double Door Refrigerator (GL-T292RBCY, Blue Charm, Convertible)","26,490",2.2 out of 5 stars,4,https://www.amazon.in/LG-Frost-Free-Refrigerator-GL-T292RBCY-Convertible/dp/B08523K477/ref=sr_1_243?dchild=1&keywords=refrigerator&qid=1613575514&sr=8-243
"Samsung 253L 2 Star Inverter Frost Free Double Door Refrigerator (RT28T3922R8/HL, Blooming Saffron Red, Convertible)","23,890",4.1 out of 5 stars,199,https://www.amazon.in/Samsung-Refrigerator-RT28T3922R8-HL-Convertible/dp/B08345P94R/ref=sr_1_244?dchild=1&keywords=refrigerator&qid=1613575514&sr=8-244
"Haier 220 L 3 Star Direct-Cool Single Door Refrigerator (HRD-2203CTS-E, Titanium Steel)","16,694",,,https://www.amazon.in/Haier-Direct-Cool-Refrigerator-HRD-2203CTS-Titanium/dp/B088PH3V6X/ref=sr_1_245?dchild=1&keywords=refrigerator&qid=1613575514&sr=8-245
"Samsung 192 L 2 Star Direct-Cool Single Door Refrigerator (RR19T2Z2B6R/NL, Mystic Overlay Red)","15,725",5.0 out of 5 stars,1,https://www.amazon.in/Samsung-Direct-Cool-Refrigerator-RR19T2Z2B6R-NL/dp/B0845BHZMX/ref=sr_1_246?dchild=1&keywords=refrigerator&qid=1613575514&sr=8-246
"Haier 242 L 3 Star Inverter Direct-Cool Single Door Refrigerator (HRD-2423CIS-E, Inox Steel)","18,470",5.0 out of 5 stars,1,https://www.amazon.in/Haier-Inverter-Direct-Cool-Refrigerator-HRD-2423CIS/dp/B088PGSNPL/ref=sr_1_247?dchild=1&keywords=refrigerator&qid=1613575514&sr=8-247
"LG 188 L 3 Star Inverter Direct-Cool Single Door Refrigerator (GL-D191KSDX, Scarlet Dazzle)","15,690",4.2 out of 5 stars,56,https://www.amazon.in/LG-Inverter-Direct-Cool-Refrigerator-GL-D191KSDX/dp/B084Y6M9KN/ref=sr_1_248?dchild=1&keywords=refrigerator&qid=1613575514&sr=8-248
"LG 188 L 3 Star Inverter Direct-Cool Single Door Refrigerator (GL-B191KSDX, Scarlet Dazzle)","14,490",3.8 out of 5 stars,98,https://www.amazon.in/LG-Inverter-Direct-Cool-Refrigerator-GL-B191KSDX/dp/B084YD7ZP2/ref=sr_1_249?dchild=1&keywords=refrigerator&qid=1613575514&sr=8-249
"Haier 570 L Inverter Frost-Free Side-by-Side Refrigerator with Twin Inverter Technology (HRF-622CG, Chocolate Glass)","78,999",5.0 out of 5 stars,3,https://www.amazon.in/Haier-Frost-Free-Refrigerator-HRF-622CG-Chocolate/dp/B088PGZ7SS/ref=sr_1_250?dchild=1&keywords=refrigerator&qid=1613575514&sr=8-250
"Whirlpool 215 L 4 Star Inverter Direct-Cool Single Door Refrigerator (230 IMPRO PRM 4S INV ALPHA STEEL, Alpha Steel)","16,990",4.5 out of 5 stars,9,https://www.amazon.in/Whirlpool-230-IMPRO-ALPHA-STEEL/dp/B087MF5ZFV/ref=sr_1_251?dchild=1&keywords=refrigerator&qid=1613575514&sr=8-251
"Samsung 192 L 3 Star Direct-Cool Single Door Refrigerator (RR20T182YR8/HL, Saffron Red)","15,300",3.0 out of 5 stars,6,https://www.amazon.in/Samsung-Direct-Cool-Refrigerator-RR20T182YR8-HL/dp/B0845FKZKH/ref=sr_1_252?dchild=1&keywords=refrigerator&qid=1613575514&sr=8-252
"Panasonic 336 L 3 Star ( 2019 ) Inverter Frost-Free Double-Door Refrigerator (NR-BG341PLW3, Lily Wine)","37,701",,,https://www.amazon.in/Panasonic-Frost-Free-Double-Door-Refrigerator-NR-BG341PLW3/dp/B07GM7P3X4/ref=sr_1_253?dchild=1&keywords=refrigerator&qid=1613575514&sr=8-253
"CROMA 2 Star 2020 Direct Cool Single Door Refrigerator (CRAR0216, Brushline Silver, 190 L)","11,290",3.7 out of 5 stars,16,https://www.amazon.in/Direct-Single-Refrigerator-CRAR0216-Brushline/dp/B07WS6ZWX8/ref=sr_1_254?dchild=1&keywords=refrigerator&qid=1613575514&sr=8-254
"(Renewed) LG 215 L 5 Star Inverter Direct Cool Single Door Refrigerator (GL-D221ABGY, Blue Glow)","15,972",,,https://www.amazon.in/Renewed-LG-Inverter-Refrigerator-GL-D221ABGY/dp/B082Q366XF/ref=sr_1_255?dchild=1&keywords=refrigerator&qid=1613575514&sr=8-255
"Whirlpool 300 L Frost-Free Multi-Door Refrigerator (FP 313D PROTTON ROY, Steel Onyx)","30,490",4.2 out of 5 stars,94,https://www.amazon.in/Whirlpool-Refrigerator-313D-PROTTON-ROY/dp/B083RPPSQF/ref=sr_1_256?dchild=1&keywords=refrigerator&qid=1613575514&sr=8-256
"LG 190 L 5 Star Inverter Direct-Cool Single Door Refrigerator (GL-B201ARSZ, Russet Sheen)","17,190",,,https://www.amazon.in/LG-Inverter-Direct-Cool-Refrigerator-GL-B201ARSZ/dp/B084TGP3XS/ref=sr_1_257?dchild=1&keywords=refrigerator&qid=1613575519&sr=8-257
"Whirlpool 200 L 4 Star Inverter Direct-Cool Single Door Refrigerator (215 ICEMAGIC PRO PRM 4S INV, Argyle Black)","15,240",3.0 out of 5 stars,5,https://www.amazon.in/Whirlpool-Refrigerator-215-PRM-INV/dp/B0851VPC66/ref=sr_1_259?dchild=1&keywords=refrigerator&qid=1613575519&sr=8-259
"Haier 195 L 4 Star Direct-Cool Single Door Refrigerator (HRD-1954CAG-E, Artistic Glass)","17,490",,,https://www.amazon.in/Haier-Direct-Cool-Refrigerator-HRD-1954CAG-Artistic/dp/B088PF1YHD/ref=sr_1_260?dchild=1&keywords=refrigerator&qid=1613575519&sr=8-260
"Whirlpool 215 L 4 Star Inverter Direct-Cool Single Door Refrigerator (230 IMPRO ROY 4S INV WINE FLUME, Wine Flume)","17,990",4.0 out of 5 stars,15,https://www.amazon.in/Whirlpool-230-IMPRO-WINE-FLUME/dp/B086H32M21/ref=sr_1_261?dchild=1&keywords=refrigerator&qid=1613575519&sr=8-261
"Godrej 190 L 4 Star Inverter Direct-Cool Single Door Refrigerator with Base Drawer (RD 1904 PTDI 43 DI GLASS BLUE, Glass Blue, Inverter Compressor)","15,490",4.2 out of 5 stars,7,https://www.amazon.in/Godrej-1904-PTDI-GLASS-BLUE/dp/B08GD94L1D/ref=sr_1_262?dchild=1&keywords=refrigerator&qid=1613575519&sr=8-262
"Samsung 390 L 3 Star Inverter Frost-Free Double Door Refrigerator (RT39T551ES8/TL, Brown)","45,600",,,https://www.amazon.in/Samsung-Frost-Free-Refrigerator-RT39T551ES8-TL/dp/B087QQ5CL8/ref=sr_1_263?dchild=1&keywords=refrigerator&qid=1613575519&sr=8-263
"Haier 195 L 3 Star Direct-Cool Single Door Refrigerator (HRD-1953CRF-E, Red Freesia)","14,318",3.0 out of 5 stars,1,https://www.amazon.in/Haier-Direct-Cool-Refrigerator-HRD-1953CRF-Freesia/dp/B088PGW4F9/ref=sr_1_264?dchild=1&keywords=refrigerator&qid=1613575519&sr=8-264
"Godrej 192 L 5 Star Inverter Direct-Cool Single Door Refrigerator (RD EDGENEO 207E 53 THI AQ BL, Aqua Blue)","16,790",,,https://www.amazon.in/Godrej-Refrigerator-EDGENEO-207E-THI/dp/B08JHD39GV/ref=sr_1_265?dchild=1&keywords=refrigerator&qid=1613575519&sr=8-265
"Whirlpool 200 L 3 Star Direct-Cool Single Door Refrigerator (215 IMPC ROY 3S SAPPHIRE RADIANCE, Sapphire Radiance)","15,740",3.9 out of 5 stars,4,https://www.amazon.in/Whirlpool-215-IMPC-SAPPHIRE-RADIANCE/dp/B0851VB3YB/ref=sr_1_266?dchild=1&keywords=refrigerator&qid=1613575519&sr=8-266
"Samsung 253L 2 Star Inverter Frost Free Double Door Refrigerator (RT28T3782UT/HL, Pebble Blue, Convertible)","23,190",4.3 out of 5 stars,434,https://www.amazon.in/Samsung-Refrigerator-RT28T3782UT-HL-Convertible/dp/B08346J6T3/ref=sr_1_267?dchild=1&keywords=refrigerator&qid=1613575519&sr=8-267
"Relanco Mini Portable Automatic Electric Cooler and Warmer Car Refrigerator (5 L, 4.4)","2,999",,,https://www.amazon.in/Relanco-Portable-Automatic-Electric-Refrigerator/dp/B08CN48B51/ref=sr_1_268?dchild=1&keywords=refrigerator&qid=1613575519&sr=8-268
"Samsung 253 L 2 Star Inverter Frost-Free Double Door Refrigerator (RT28T3122S9/HL, Refined Inox(Matt Doi Metal), Base Stand with Drawer))","22,990",,,https://www.amazon.in/Samsung-Frost-Free-Refrigerator-RT28T3122S9-HL/dp/B0846CYS4N/ref=sr_1_270?dchild=1&keywords=refrigerator&qid=1613575519&sr=8-270
"Godrej 190 L 3 Star Direct-Cool Single Door Refrigerator (RD 1903 PTD 33 GL BL, Glass Blue, Base stand with drawer, Inverter Compressor)","14,990",4.0 out of 5 stars,34,https://www.amazon.in/Godrej-Direct-Cool-Refrigerator-1903-PTD/dp/B08618MW9N/ref=sr_1_271?dchild=1&keywords=refrigerator&qid=1613575519&sr=8-271
"Haier 190 L 2 Star Direct-Cool Single Door Refrigerator (HRD-1902PRS-E, Red Serenity)","13,999",3.5 out of 5 stars,16,https://www.amazon.in/Haier-Direct-Cool-Refrigerator-HRD-1902PRS-Serenity/dp/B0844941MX/ref=sr_1_272?dchild=1&keywords=refrigerator&qid=1613575519&sr=8-272
"Godrej 196 L 3 Star ( 2019 ) Direct Cool Single Door Refrigerator(RD 1963 PT 3.2 DRM SCR, Scarlet Dremin)","13,674",4.3 out of 5 stars,75,https://www.amazon.in/Godrej-1963-3-2-DRM-SCR/dp/B07C5PTP3B/ref=sr_1_273?dchild=1&keywords=refrigerator&qid=1613575524&sr=8-273
"Whirlpool 260 L Frost Free Multi-Door Refrigerator(FP 283D Protton Roy, Alpha Steel)","26,990",4.1 out of 5 stars,342,https://www.amazon.in/Whirlpool-Refrigerator-283D-Protton-Roy/dp/B078YL5K8D/ref=sr_1_274?dchild=1&keywords=refrigerator&qid=1613575524&sr=8-274
"Samsung 212 L 3 Star Direct-Cool Single Door Refrigerator (RR22T285YR8/NL, SAFFRON RED)","17,990",,,https://www.amazon.in/Samsung-Direct-Cool-Refrigerator-RR22T285YR8-NL/dp/B0846GJ4YC/ref=sr_1_275?dchild=1&keywords=refrigerator&qid=1613575524&sr=8-275
"Whirlpool 292 L 2 Star Frost-Free Double Door Refrigerator with Glass Door (NEOFRESH GD PRM 305 2S, Crystal Black)","27,490",4.0 out of 5 stars,55,https://www.amazon.in/Whirlpool-Frost-Free-Refrigerator-PRM-305/dp/B084XMM69K/ref=sr_1_276?dchild=1&keywords=refrigerator&qid=1613575524&sr=8-276
MYRA Freezer Chiller Door for Godrej Edge Pro 190 L Refrigerator (Clear),648,3.5 out of 5 stars,2,https://www.amazon.in/MYRA-Godrej-Edge-Pro-190/dp/B08CVRXHF8/ref=sr_1_277?dchild=1&keywords=refrigerator&qid=1613575524&sr=8-277
"Panasonic 194 L 3 Star Inverter Direct-Cool Single Door Refrigerator (NR-A193VFAX1, Blue Floral)","15,453",,,https://www.amazon.in/Panasonic-Inverter-Direct-Cool-Refrigerator-NR-A193VFAX1/dp/B084K3MHP2/ref=sr_1_278?dchild=1&keywords=refrigerator&qid=1613575524&sr=8-278
"Samsung 198 L 4 Star Inverter Direct-Cool Single Door Refrigerator (RR21T2G2X9U/HL, Paradise Blue)","16,269",3.6 out of 5 stars,3,https://www.amazon.in/Samsung-Direct-Cool-Refrigerator-RR21T2G2X9U-HL/dp/B08445QNN1/ref=sr_1_279?dchild=1&keywords=refrigerator&qid=1613575524&sr=8-279
"Haire 53 L 2 Star Direct Cool Single Door Refrigerator (HR-65KS, Black) 2020","9,999",4.0 out of 5 stars,1,https://www.amazon.in/Haire-Direct-Single-Refrigerator-HR-65KS/dp/B08JGZ7L44/ref=sr_1_280?dchild=1&keywords=refrigerator&qid=1613575524&sr=8-280
"LG 190 L 3 Star Direct-Cool Single Door Refrigerator (GL-B201ABPD, Blue Plumeria)","15,999",4.0 out of 5 stars,20,https://www.amazon.in/LG-Direct-Cool-Refrigerator-GL-B201ABPD-Plumeria/dp/B084S8FKWZ/ref=sr_1_281?dchild=1&keywords=refrigerator&qid=1613575524&sr=8-281
"Whirlpool 265 L 3 Star Inverter Frost-Free Double Door Refrigerator (IF INV CNV 278 COOL ILLUSIA (3s)-N, Grey)","22,150",1.0 out of 5 stars,1,https://www.amazon.in/Whirlpool-INV-CNV-COOL-ILLUSIA/dp/B087K31DVQ/ref=sr_1_282?dchild=1&keywords=refrigerator&qid=1613575524&sr=8-282
"Samsung 324 L 2 Star Inverter Frost-Free Double Door Refrigerator (RT34T4542S9/HL, Refined Inox, Convertible)","35,000",,,https://www.amazon.in/Samsung-Frost-Free-Refrigerator-RT34T4542S9-Convertible/dp/B0846CXD1T/ref=sr_1_283?dchild=1&keywords=refrigerator&qid=1613575524&sr=8-283
"Samsung 198 L 4 Star Inverter Direct-Cool Single Door Refrigerator (RR21T2G2XCU/HL, Camellia Blue)","16,500",4.0 out of 5 stars,1,https://www.amazon.in/Samsung-Direct-Cool-Refrigerator-RR21T2G2XCU-HL/dp/B0844664FW/ref=sr_1_284?dchild=1&keywords=refrigerator&qid=1613575524&sr=8-284
"Whirlpool 355 L 3 Star Frost Free Double Door Refrigerator (IF PRO BM INV 370 ELT+, Steel Onyx, Bottom Freezer)","39,490",3.7 out of 5 stars,20,https://www.amazon.in/Whirlpool-PRO-INV-370-ELT/dp/B08CR9PWVQ/ref=sr_1_285?dchild=1&keywords=refrigerator&qid=1613575524&sr=8-285
"LG 188 L 3 Star Direct-Cool Single Door Refrigerator (GL-B191KDSD, Dazzle Steel, Fastest Ice Making)","13,740",3.0 out of 5 stars,1,https://www.amazon.in/LG-Direct-Cool-Refrigerator-GL-B191KDSD-Fastest/dp/B084XZL4HN/ref=sr_1_286?dchild=1&keywords=refrigerator&qid=1613575524&sr=8-286
"Haier 276 L 3 Star Inverter Frost-Free Double Door Refrigerator (HRB-2964PBG-E, Black Glass, Bottom Freezer)","29,500",3.9 out of 5 stars,10,https://www.amazon.in/Haier-Inverter-Frost-Free-Refrigerator-HRB-2964PBG/dp/B088PGMP5X/ref=sr_1_287?dchild=1&keywords=refrigerator&qid=1613575524&sr=8-287
"Samsung 198 L 5 Star Inverter Direct-Cool Single Door Refrigerator (RR21T2H2W9U/HL, Paradise Blue, Base Stand with Drawer)","17,999",4.2 out of 5 stars,4,https://www.amazon.in/Samsung-Direct-Cool-Refrigerator-RR21T2H2W9U-HL/dp/B0844664FM/ref=sr_1_288?dchild=1&keywords=refrigerator&qid=1613575524&sr=8-288
"Godrej 210 L 3 Star Inverter Direct-Cool Single Door Refrigerator (RD EDGEPRO 225C 33 TAF PL WN, Prism Wine)","16,790",3.9 out of 5 stars,6,https://www.amazon.in/Godrej-Refrigerator-EDGEPRO-225C-TAF/dp/B0861983GK/ref=sr_1_289?dchild=1&keywords=refrigerator&qid=1613575527&sr=8-289
"LG 360 L 3 Star Inverter Linear Frost-Free Double Door Refrigerator (GL-T402JDS3, Dazzle Steel, Convertible)","38,990",4.4 out of 5 stars,84,https://www.amazon.in/LG-Frost-Free-Refrigerator-GL-T402JDS3-Convertible/dp/B084PPZXBX/ref=sr_1_291?dchild=1&keywords=refrigerator&qid=1613575527&sr=8-291
"Whirlpool 265 L 3 Star Inverter Frost-Free Double Door Refrigerator (INTELLIFRESH INV CNV 278 3S, Wine Flume, Convertible)","26,039",3.8 out of 5 stars,44,https://www.amazon.in/Whirlpool-Refrigerator-INV-CNV-278/dp/B08CS9R1XJ/ref=sr_1_292?dchild=1&keywords=refrigerator&qid=1613575527&sr=8-292
"Whirlpool 330 L Frost Free Multi-Door Refrigerator(FP 343D Protton Roy, Alpha Steel)","33,990",4.0 out of 5 stars,262,https://www.amazon.in/Whirlpool-Refrigerator-343D-Protton-Roy/dp/B078YJXPCF/ref=sr_1_293?dchild=1&keywords=refrigerator&qid=1613575527&sr=8-293
"Croma 225 L 2 Star (2020) Direct Cool Single Door Refrigerator (CRAR0214, Black)","12,990",3.8 out of 5 stars,20,https://www.amazon.in/Croma-Direct-Single-Refrigerator-CRAR0214/dp/B07N857D8B/ref=sr_1_294?dchild=1&keywords=refrigerator&qid=1613575527&sr=8-294
ANTARKHOJ 7.5 L Electronic Mini CAR Cooling and Warming Refrigerator Portable Freezer Cooler Warmer Fridge Food and Drinks Electric Fridge Heater Refrigerator,"3,799",,,https://www.amazon.in/ANTARKHOJ-Electronic-Refrigerator-Portable-Electric/dp/B08VWFXSSR/ref=sr_1_295?dchild=1&keywords=refrigerator&qid=1613575527&sr=8-295
"Samsung 265 L 3 Star Inverter Frost-Free Double Door Refrigerator (RT30T3A23UT/HL, Pebble Blue, Convertible)","29,900",3.7 out of 5 stars,5,https://www.amazon.in/Samsung-Frost-Free-Refrigerator-RT30T3A23UT-Convertible/dp/B0846CVMFG/ref=sr_1_296?dchild=1&keywords=refrigerator&qid=1613575527&sr=8-296
"Samsung 215 L 3 Star Inverter Direct-Cool Single Door Refrigerator (RR22T3Y2YS8/HL, Elegant Inox(Light Doi Metal))","15,990",3.7 out of 5 stars,6,https://www.amazon.in/Samsung-Direct-Cool-Refrigerator-RR22T3Y2YS8-HL/dp/B08445TXDN/ref=sr_1_297?dchild=1&keywords=refrigerator&qid=1613575527&sr=8-297
"Samsung 230 L 3 Star Inverter Direct-Cool Single Door Refrigerator (RR24T287YCU/NL, Camellia Blue)","19,565",3.0 out of 5 stars,2,https://www.amazon.in/Samsung-Direct-Cool-Refrigerator-RR24T287YCU-NL/dp/B0845BRHYR/ref=sr_1_298?dchild=1&keywords=refrigerator&qid=1613575527&sr=8-298
"Godrej 190 L 5 Star ( 2019 ) Direct Cool Single Door Refrigerator(R D EPro 205 TAI 5.2 BRZ WIN, Breeze Wine, Inverter Compressor)","16,809",4.2 out of 5 stars,85,https://www.amazon.in/Godrej-EPro-205-TAI-5-2/dp/B07CNRDFKD/ref=sr_1_299?dchild=1&keywords=refrigerator&qid=1613575527&sr=8-299
"LG 594 L Inverter Wi-Fi Frost-Free Side-By-Side Refrigerator (GC-B22FTLPL, Shiny Steel)","98,990",4.1 out of 5 stars,6,https://www.amazon.in/LG-Inverter-Frost-Free-Refrigerator-GC-B22FTLPL/dp/B07V2RSJF7/ref=sr_1_300?dchild=1&keywords=refrigerator&qid=1613575527&sr=8-300
"Whirlpool 260 L Frost-Free Multi-Door Refrigerator (FP 283D PROTTON ROY COOL ILLUSIA (N), Grey)","27,490",,,https://www.amazon.in/Whirlpool-283D-PROTTON-COOL-ILLUSIA/dp/B087K31DVP/ref=sr_1_301?dchild=1&keywords=refrigerator&qid=1613575527&sr=8-301
"Renewed Whirlpool 265 L 3 Star Inverter Frost-Free Double Door Refrigerator (INTELLIFRESH INV CNV 278 3S, Black Sparkle, Convertible)","24,249",,,https://www.amazon.in/Whirlpool-Refrigerator-INV-CNV-278/dp/B08CDV8HJB/ref=sr_1_303?dchild=1&keywords=refrigerator&qid=1613575527&sr=8-303
"Godrej 192 L 3 Star Direct Cool Single Door Refrigerator (RD EDGENEO 207C 33 THF, Wine Red)","15,990",,,https://www.amazon.in/Godrej-Refrigerator-EDGENEO-207C-THF/dp/B08L7WSS2H/ref=sr_1_304?dchild=1&keywords=refrigerator&qid=1613575527&sr=8-304
"Samsung 255 L 3 Star ( 2019 ) Direct Cool Single Door Refrigerator(RR26N373ZBS/HL, Black Inox, Inverter Compressor)","20,800",3.7 out of 5 stars,10,https://www.amazon.in/Samsung-Refrigerator-RR26N373ZBS-HL-Compressor/dp/B079K4DMPJ/ref=sr_1_305?dchild=1&keywords=refrigerator&qid=1613575531&sr=8-305
